id,first_name,last_name,email,gender,ip_address,date_of_birth
1,Base,Coysh,bcoysh0@mit.edu,Polygender,189.92.43.230,1996-05-05
2,Gwenora,Pilmore,gpilmore1@booking.com,Female,244.135.144.207,1987-05-09
3,Avrit,Ferraresi,aferraresi2@cargocollective.com,Female,48.147.65.5,2015-12-14
4,Natalya,Maber,nmaber3@bravesites.com,Female,191.125.0.106,2023-04-14
5,Annabelle,Harry,aharry4@domainmarket.com,Female,68.33.242.176,1978-06-22
6,Clevey,Dakhno,cdakhno5@barnesandnoble.com,Male,157.183.55.75,2018-10-28
7,Flossy,Bremmell,fbremmell6@archive.org,Female,94.197.12.219,1990-01-03
8,Stormie,Werendell,swerendell7@pen.io,Female,147.194.161.226,2023-03-12
9,Estelle,Lomond,elomond8@artisteer.com,Female,83.125.132.172,2008-05-10
10,Gerianna,Ruck,gruck9@princeton.edu,Agender,23.217.168.72,2021-12-31
11,Towney,Aikenhead,taikenheada@ca.gov,Male,82.112.32.210,2019-04-20
12,Velma,McComish,vmccomishb@trellian.com,Female,201.188.243.154,2004-05-03
13,Saunders,Liddyard,sliddyardc@economist.com,Male,212.136.39.22,1989-06-15
14,Pietro,Label,plabeld@yelp.com,Male,233.80.94.176,1993-02-10
15,Marlane,Puttergill,mputtergille@walmart.com,Female,118.98.235.162,2013-12-17
16,Staffard,Keppin,skeppinf@linkedin.com,Male,195.195.142.203,1978-01-08
17,Carmelia,Brendel,cbrendelg@shareasale.com,Female,23.26.59.100,2022-06-19
18,Nessi,Szymon,nszymonh@oakley.com,Female,78.202.110.213,1971-03-20
19,Dniren,Byllam,dbyllami@vkontakte.ru,Female,224.190.31.226,1981-06-14
20,Gerty,Gye,ggyej@msu.edu,Female,100.58.147.206,1991-12-11
21,Silvie,Fatkin,sfatkink@wiley.com,Female,20.57.97.129,2008-08-29
22,Syman,Ockleshaw,sockleshawl@is.gd,Male,241.158.64.110,1995-03-19
23,Gran,Kneath,gkneathm@bing.com,Male,236.96.248.200,1980-03-31
24,Christye,Bostock,cbostockn@java.com,Female,208.171.138.66,1969-10-03
25,Ambrosio,Bibey,abibeyo@themeforest.net,Male,147.67.70.93,2003-08-14
26,Whitney,Peters,wpetersp@stumbleupon.com,Female,8.138.135.5,1974-03-02
27,Ashlie,McClifferty,amccliffertyq@europa.eu,Female,29.26.95.55,2000-06-20
28,Christophorus,Kordova,ckordovar@patch.com,Male,213.101.104.55,2002-03-27
29,Thurstan,Ceschi,tceschis@guardian.co.uk,Male,212.70.86.137,1960-12-16
30,Tanner,Limeburner,tlimeburnert@istockphoto.com,Male,70.100.146.7,2015-12-10
31,Graham,Filkov,gfilkovu@senate.gov,Male,152.114.211.29,1991-04-09
32,Ariadne,De La Coste,adelacostev@businesswire.com,Female,45.218.183.159,2013-02-04
33,Gwendolin,Matyatin,gmatyatinw@yandex.ru,Female,114.177.91.161,1967-05-20
34,Thornton,Niland,tnilandx@liveinternet.ru,Male,101.86.125.139,1969-11-08
35,Courtenay,Richings,crichingsy@jigsy.com,Female,248.193.103.113,1998-07-22
36,Cacilie,Batcock,cbatcockz@ed.gov,Female,197.65.23.97,2004-07-25
37,Robb,Cottel,rcottel10@yahoo.co.jp,Male,238.8.211.168,2005-08-31
38,Jackson,Goolden,jgoolden11@tripadvisor.com,Male,75.168.154.187,1959-10-01
39,Alberta,Matkovic,amatkovic12@virginia.edu,Genderqueer,16.105.150.207,2020-12-28
40,Maurise,Giorgielli,mgiorgielli13@stanford.edu,Female,39.145.20.60,1968-04-20
41,Bethany,Sharper,bsharper14@github.io,Female,207.124.173.238,2022-01-10
42,Colline,Blader,cblader15@usda.gov,Female,97.103.118.215,1966-03-08
43,Elbertina,Stout,estout16@ft.com,Female,163.138.151.243,1963-04-12
44,Gregorio,Reichhardt,greichhardt17@businessweek.com,Male,202.221.144.10,1999-04-04
45,Rutger,Morgen,rmorgen18@cbslocal.com,Male,17.220.210.69,1958-12-28
46,Spike,Able,sable19@virginia.edu,Male,191.237.144.200,2011-07-18
47,Christiano,Mesias,cmesias1a@facebook.com,Male,128.98.17.49,1978-01-30
48,Christy,Elfleet,celfleet1b@dailymotion.com,Genderfluid,61.165.242.195,1994-06-25
49,Thorvald,Alessandrelli,talessandrelli1c@rakuten.co.jp,Male,101.48.42.172,1984-09-24
50,Chase,Sleford,csleford1d@mac.com,Male,17.40.35.59,2013-08-27
51,Lonee,Vassar,lvassar1e@weather.com,Female,88.83.77.19,2015-12-11
52,Fae,Kither,fkither1f@comcast.net,Female,250.6.44.156,1994-06-19
53,Staffard,Chipping,schipping1g@csmonitor.com,Male,38.9.106.166,1984-03-24
54,Hermy,Waplington,hwaplington1h@fda.gov,Male,202.50.195.219,2018-06-22
55,Caldwell,Allatt,callatt1i@geocities.com,Male,28.173.90.100,1985-02-12
56,Libbie,Chiplen,lchiplen1j@stumbleupon.com,Female,103.194.42.167,1961-12-04
57,Saxon,Follan,sfollan1k@mashable.com,Male,158.148.174.45,1990-11-12
58,Lars,Barrick,lbarrick1l@yahoo.com,Male,133.246.45.43,2001-07-28
59,Fancy,Shilladay,fshilladay1m@ucsd.edu,Female,50.187.179.68,1993-02-03
60,Mady,Maddicks,mmaddicks1n@earthlink.net,Female,194.203.248.224,1975-07-17
61,Faina,Falkner,ffalkner1o@theatlantic.com,Female,146.13.95.71,2014-12-30
62,Magdalene,Applebee,mapplebee1p@jimdo.com,Non-binary,241.70.187.97,1988-05-14
63,Jakob,Attwool,jattwool1q@wikispaces.com,Male,28.60.72.117,2010-03-11
64,Uta,Giacobo,ugiacobo1r@youtu.be,Female,119.218.96.6,1980-01-11
65,Thibaut,Willimott,twillimott1s@github.io,Genderfluid,68.34.197.25,2000-10-13
66,Rosabelle,Reyes,rreyes1t@vk.com,Female,207.91.20.15,1999-07-30
67,Cirstoforo,Mitchener,cmitchener1u@wunderground.com,Male,66.76.158.23,2007-06-29
68,Edsel,Beaston,ebeaston1v@uiuc.edu,Male,254.156.156.121,1975-09-27
69,Tamma,Godlonton,tgodlonton1w@mit.edu,Agender,62.117.242.251,1996-03-26
70,Nealon,Barthelmes,nbarthelmes1x@barnesandnoble.com,Non-binary,163.139.125.208,2013-09-25
71,Farica,Smithies,fsmithies1y@tripod.com,Female,138.58.51.103,1984-03-08
72,Sharai,Eggleston,seggleston1z@bing.com,Female,185.86.119.152,1988-03-21
73,Frasier,Izakov,fizakov20@salon.com,Male,22.104.79.244,1994-08-15
74,Shaylyn,Frye,sfrye21@nih.gov,Female,75.4.44.139,1969-01-06
75,Dominik,Roddam,droddam22@adobe.com,Male,231.233.61.41,2018-11-02
76,Babette,Burstow,bburstow23@stumbleupon.com,Female,188.235.242.116,1979-02-10
77,Merola,Fortye,mfortye24@hp.com,Female,173.221.109.120,1961-03-28
78,Brion,Uphill,buphill25@studiopress.com,Male,158.248.50.244,2012-03-19
79,Elianore,Gloves,egloves26@disqus.com,Female,218.221.65.174,1989-11-25
80,Orelee,Frostick,ofrostick27@webmd.com,Female,15.214.102.93,2019-06-30
81,Brooke,Vost,bvost28@bloomberg.com,Agender,13.155.13.73,2010-05-06
82,Clarance,Yesson,cyesson29@dailymotion.com,Male,196.59.247.0,1992-04-06
83,Sly,Casol,scasol2a@jiathis.com,Male,126.38.205.201,2023-04-23
84,Delilah,Zoanetti,dzoanetti2b@jalbum.net,Female,105.29.203.236,1967-07-07
85,Asher,Shellibeer,ashellibeer2c@jalbum.net,Male,77.211.147.7,2002-10-07
86,Kamillah,Lapre,klapre2d@dmoz.org,Female,148.97.18.113,2020-10-27
87,Sandy,McGarvie,smcgarvie2e@xinhuanet.com,Male,35.50.205.245,1993-03-02
88,Suzanna,Trenouth,strenouth2f@unesco.org,Female,83.134.151.128,2002-12-15
89,Nealon,Canaan,ncanaan2g@hao123.com,Male,53.155.245.115,1969-08-20
90,Franciskus,Pollen,fpollen2h@a8.net,Male,49.241.19.38,2023-02-05
91,Horatio,Richard,hrichard2i@comsenz.com,Male,42.28.187.117,1969-07-12
92,Gusella,Fantone,gfantone2j@liveinternet.ru,Female,29.73.240.125,1977-03-26
93,Paulita,Styche,pstyche2k@themeforest.net,Female,54.203.195.245,2013-09-27
94,Claudianus,Blanshard,cblanshard2l@istockphoto.com,Male,40.14.22.9,1959-06-25
95,Griz,Gecks,ggecks2m@reverbnation.com,Male,239.115.224.99,1975-10-22
96,Bette,Paulin,bpaulin2n@list-manage.com,Female,210.195.23.93,1988-05-01
97,Farlee,Benediktsson,fbenediktsson2o@aol.com,Non-binary,35.51.91.205,1976-12-02
98,Elisabet,Aymes,eaymes2p@topsy.com,Female,201.69.232.97,1965-11-30
99,Marillin,Lemmers,mlemmers2q@harvard.edu,Female,165.122.127.164,1978-04-28
100,Giraldo,Merring,gmerring2r@freewebs.com,Male,27.53.196.224,1962-12-14
101,Abigael,Engley,aengley2s@google.nl,Female,115.40.148.175,1998-07-22
102,Daryn,Trowsdall,dtrowsdall2t@wsj.com,Female,226.76.151.220,1984-03-08
103,Eada,Turmell,eturmell2u@zdnet.com,Female,8.105.127.73,2001-10-16
104,Stanwood,Mineghelli,smineghelli2v@technorati.com,Male,146.88.216.60,1981-10-25
105,Kerrin,Vasiliu,kvasiliu2w@techcrunch.com,Female,167.243.19.32,1962-09-03
106,Enrica,Rymour,erymour2x@timesonline.co.uk,Female,238.216.199.6,1965-07-10
107,Terri,Blemings,tblemings2y@uol.com.br,Agender,225.229.19.96,1975-11-17
108,Ron,Le - Count,rlecount2z@foxnews.com,Male,9.103.110.108,1963-02-13
109,Parrnell,Williment,pwilliment30@spiegel.de,Male,225.202.46.177,2001-04-05
110,Latisha,Chern,lchern31@time.com,Non-binary,244.43.98.144,1998-12-25
111,Calvin,Shwenn,cshwenn32@fotki.com,Agender,110.197.51.93,1977-08-23
112,Oswald,Northeast,onortheast33@disqus.com,Male,60.41.79.111,1980-07-06
113,Joshia,Hinkley,jhinkley34@latimes.com,Non-binary,121.126.39.230,1968-07-20
114,Em,Iannini,eiannini35@ifeng.com,Male,13.88.125.144,1978-02-01
115,Marcile,Lashford,mlashford36@google.com.br,Female,226.7.28.17,2000-10-04
116,Lanni,Honnicott,lhonnicott37@vimeo.com,Female,33.254.255.125,2009-07-12
117,Tamiko,Inkpin,tinkpin38@networkadvertising.org,Female,9.31.225.139,2015-11-24
118,Durante,Pordall,dpordall39@cloudflare.com,Genderqueer,245.158.196.197,1997-12-11
119,Jessica,Brien,jbrien3a@patch.com,Female,24.40.21.64,1971-10-22
120,Jethro,Cariss,jcariss3b@epa.gov,Male,159.232.92.237,1964-07-28
121,Henryetta,Brou,hbrou3c@indiegogo.com,Genderfluid,216.44.236.67,1957-11-20
122,Conn,Smart,csmart3d@smugmug.com,Male,208.54.45.73,1988-10-10
123,Osbourne,Lornsen,olornsen3e@wisc.edu,Male,175.204.111.172,2000-01-30
124,Dillie,Coker,dcoker3f@reddit.com,Male,114.166.136.107,1980-02-13
125,Wainwright,Lavrinov,wlavrinov3g@phpbb.com,Male,171.28.150.164,2007-11-10
126,Kerry,Narey,knarey3h@behance.net,Female,70.236.168.51,2016-04-15
127,Minnie,Barosch,mbarosch3i@quantcast.com,Female,59.127.181.238,1967-11-11
128,Brittani,Sollon,bsollon3j@miibeian.gov.cn,Female,108.207.37.1,2006-12-31
129,Genevra,Penna,gpenna3k@virginia.edu,Female,145.0.20.247,2023-08-26
130,Padgett,Foux,pfoux3l@foxnews.com,Male,186.171.108.97,2018-03-11
131,Sherman,Ezzle,sezzle3m@aboutads.info,Bigender,192.42.159.187,2004-07-20
132,Isac,Nott,inott3n@icio.us,Male,218.4.0.121,2018-02-21
133,Abie,Tuffley,atuffley3o@google.pl,Male,219.8.236.129,1973-09-06
134,Ivor,Rosensaft,irosensaft3p@usda.gov,Bigender,73.164.45.139,2021-11-04
135,Lyndel,Sillitoe,lsillitoe3q@homestead.com,Female,180.154.255.76,1979-02-06
136,Othello,Borthram,oborthram3r@posterous.com,Male,60.229.185.16,1988-02-26
137,Valera,Orbon,vorbon3s@github.io,Female,142.48.22.143,1982-04-03
138,Elayne,Dunstall,edunstall3t@businessweek.com,Agender,201.171.210.174,1978-10-20
139,Renata,Castella,rcastella3u@narod.ru,Female,151.119.37.72,1963-06-15
140,Godiva,Dodd,gdodd3v@barnesandnoble.com,Female,189.13.65.92,2023-05-01
141,Tiffie,O'Dunneen,todunneen3w@cbsnews.com,Female,123.244.59.89,1990-05-27
142,Bogey,Forsard,bforsard3x@amazon.com,Bigender,247.20.184.6,1995-04-28
143,Dion,Sparrow,dsparrow3y@mozilla.org,Male,122.243.90.32,1992-09-08
144,Drew,Dagworthy,ddagworthy3z@mapquest.com,Male,162.246.80.234,1966-03-30
145,Oberon,Feasby,ofeasby40@soundcloud.com,Male,145.88.205.3,1965-12-26
146,Camila,Chuney,cchuney41@creativecommons.org,Female,120.226.157.254,2005-11-26
147,Nelson,Kingscott,nkingscott42@t.co,Polygender,24.81.184.243,2019-01-30
148,Claudina,Bicheno,cbicheno43@msu.edu,Female,201.232.251.137,1961-08-31
149,Alasdair,Darbey,adarbey44@smugmug.com,Genderqueer,9.139.209.28,1994-06-04
150,Edd,Santoro,esantoro45@aboutads.info,Male,49.1.186.92,1981-11-09
151,Fielding,Hairyes,fhairyes46@netscape.com,Male,85.140.122.73,1988-06-20
152,Angelika,Coppeard,acoppeard47@umn.edu,Female,47.239.147.116,1976-08-16
153,Kassandra,Prestidge,kprestidge48@bloglines.com,Female,143.1.142.23,1993-01-01
154,Augustine,Malling,amalling49@rambler.ru,Male,84.141.64.188,1961-01-21
155,Dannel,Iacovelli,diacovelli4a@google.es,Male,121.187.223.128,1999-04-30
156,Reba,Byrth,rbyrth4b@engadget.com,Female,247.95.146.141,1970-12-21
157,Emera,Server,eserver4c@ed.gov,Female,136.218.180.219,1970-09-01
158,Angelika,Hambatch,ahambatch4d@qq.com,Female,217.155.55.172,2020-02-22
159,Daphne,Gert,dgert4e@nhs.uk,Female,184.252.178.166,2006-06-27
160,Cobb,Piscopello,cpiscopello4f@cyberchimps.com,Male,171.88.2.142,2009-04-26
161,Trevor,Byrd,tbyrd4g@skype.com,Male,161.106.61.91,1981-01-04
162,Kirbie,Carter,kcarter4h@rambler.ru,Female,249.150.31.55,1959-05-29
163,Cull,MacDougal,cmacdougal4i@rediff.com,Male,199.109.75.136,2004-07-09
164,Valeria,MacVagh,vmacvagh4j@addtoany.com,Female,70.132.197.129,1961-11-12
165,Bettina,Coste,bcoste4k@virginia.edu,Female,138.103.82.230,1969-10-01
166,Bette-ann,Glacken,bglacken4l@xinhuanet.com,Female,82.64.91.15,1972-01-20
167,Nealon,Gyngyll,ngyngyll4m@behance.net,Polygender,61.88.192.193,1996-06-18
168,Randi,Rennebach,rrennebach4n@so-net.ne.jp,Male,28.132.211.202,1959-06-19
169,Anetta,Dwane,adwane4o@dot.gov,Female,19.136.119.212,1960-08-23
170,Jacquelynn,Entwhistle,jentwhistle4p@ebay.co.uk,Female,21.91.222.29,2020-04-18
171,Dana,Goodisson,dgoodisson4q@taobao.com,Male,235.198.228.84,1998-12-06
172,Ariel,Tempest,atempest4r@about.me,Male,189.18.59.127,1990-02-16
173,Mendie,Ebben,mebben4s@dot.gov,Male,83.94.129.17,1969-02-02
174,Larine,Rubinowitch,lrubinowitch4t@abc.net.au,Female,122.159.212.226,2023-07-30
175,Marcie,Raubheim,mraubheim4u@vinaora.com,Female,157.0.92.150,2024-03-24
176,Bunni,Yoodall,byoodall4v@over-blog.com,Female,103.182.224.210,1978-01-06
177,Giuditta,Cornehl,gcornehl4w@biglobe.ne.jp,Female,245.85.195.254,2016-08-24
178,Dermot,Claiton,dclaiton4x@cbc.ca,Male,6.82.69.139,1994-03-10
179,Sumner,Garbutt,sgarbutt4y@cloudflare.com,Male,63.9.85.122,1961-08-01
180,Hillary,Kemm,hkemm4z@last.fm,Male,166.241.65.43,2021-12-30
181,Chrissie,Jerrand,cjerrand50@networkadvertising.org,Male,105.231.103.240,1993-02-14
182,Toddie,Garraway,tgarraway51@zdnet.com,Male,48.244.182.250,1962-05-26
183,Ichabod,Antoniades,iantoniades52@wiley.com,Male,31.92.115.221,1980-12-21
184,Hinda,Littlekit,hlittlekit53@tamu.edu,Female,156.82.185.249,2014-01-04
185,Gillan,Gott,ggott54@trellian.com,Female,37.158.103.244,1959-11-10
186,Jim,Foottit,jfoottit55@unesco.org,Agender,126.175.158.117,1957-06-21
187,Burnaby,Bodman,bbodman56@cam.ac.uk,Male,229.119.50.64,1959-01-17
188,Marcos,Chadd,mchadd57@51.la,Male,104.192.220.32,2014-01-25
189,Benn,Clemow,bclemow58@t.co,Male,123.67.238.240,2008-06-09
190,Vi,Lightbowne,vlightbowne59@tumblr.com,Agender,246.210.246.174,2022-10-22
191,Margaret,Farriar,mfarriar5a@skyrock.com,Female,165.254.15.112,1971-06-18
192,Roy,Treweke,rtreweke5b@wired.com,Male,88.33.247.40,2011-04-11
193,Bernie,Rolfi,brolfi5c@dropbox.com,Genderqueer,54.135.126.161,1996-12-06
194,Madella,Launchbury,mlaunchbury5d@slashdot.org,Female,89.76.188.97,2020-08-11
195,Gladys,Wride,gwride5e@51.la,Female,235.193.204.97,2011-04-10
196,Kelcie,Truett,ktruett5f@arstechnica.com,Genderfluid,40.185.218.178,2009-04-25
197,Ethelyn,Lademann,elademann5g@auda.org.au,Female,9.199.224.189,1966-10-22
198,Vinny,Rebillard,vrebillard5h@alexa.com,Male,79.33.138.234,1989-09-16
199,Alic,Pandya,apandya5i@nsw.gov.au,Male,242.86.133.104,2016-05-05
200,Debbie,Ivachyov,divachyov5j@ustream.tv,Polygender,111.245.20.165,1968-01-15
201,Krissie,Blasdale,kblasdale5k@odnoklassniki.ru,Female,42.153.40.128,1978-11-30
202,Justen,Jillions,jjillions5l@ucoz.ru,Male,86.68.15.79,2022-06-22
203,Yalonda,MacGall,ymacgall5m@lulu.com,Female,7.74.101.181,1964-01-26
204,Gladys,Kinchin,gkinchin5n@berkeley.edu,Female,18.240.121.223,1982-08-04
205,Alex,Polet,apolet5o@ustream.tv,Female,75.54.64.53,2021-10-01
206,Cassaundra,Jankiewicz,cjankiewicz5p@baidu.com,Female,36.34.32.205,1976-07-03
207,Amber,Hawksley,ahawksley5q@geocities.com,Female,151.167.138.122,1958-07-31
208,Roderigo,Kuhwald,rkuhwald5r@live.com,Male,210.10.228.90,2023-12-25
209,Rich,Plunket,rplunket5s@nasa.gov,Male,22.200.210.187,2008-11-28
210,Gaylene,Belsher,gbelsher5t@google.ca,Female,233.218.130.132,1981-10-03
211,Fredia,Antoney,fantoney5u@usnews.com,Female,160.18.163.226,1981-04-18
212,Arv,Ghidoli,aghidoli5v@webs.com,Male,73.242.61.223,2005-04-06
213,Valentin,Pantone,vpantone5w@skyrock.com,Male,157.30.171.236,1978-04-10
214,Ally,Giblin,agiblin5x@ebay.com,Female,75.43.103.175,2015-06-08
215,Florie,Clowney,fclowney5y@vimeo.com,Female,231.65.152.142,1980-05-09
216,Berny,Sankey,bsankey5z@dagondesign.com,Female,254.6.18.83,1964-01-15
217,Cart,Bullock,cbullock60@purevolume.com,Male,2.201.83.11,1961-05-25
218,Maribeth,Rhymes,mrhymes61@google.fr,Genderfluid,14.253.153.149,1967-01-07
219,Orly,Danskine,odanskine62@npr.org,Female,217.198.110.147,1992-06-14
220,Koenraad,Rosling,krosling63@yolasite.com,Male,235.212.108.85,1987-02-16
221,Grace,Pizzey,gpizzey64@princeton.edu,Male,124.145.173.37,1977-04-19
222,Alyson,Howship,ahowship65@angelfire.com,Female,208.244.200.146,1982-02-05
223,Nikki,Josilevich,njosilevich66@businessweek.com,Male,89.170.77.193,1969-11-28
224,Mervin,Clifforth,mclifforth67@smugmug.com,Male,189.199.7.232,1968-07-11
225,Jarib,O'Tierney,jotierney68@utexas.edu,Male,245.191.26.215,1973-01-18
226,Tiebout,Koschke,tkoschke69@linkedin.com,Male,126.184.9.169,1984-05-18
227,Alexei,Headley,aheadley6a@technorati.com,Male,32.193.124.116,2015-01-30
228,Edithe,Roseveare,eroseveare6b@woothemes.com,Female,30.119.242.76,1997-09-01
229,Elmo,Dockreay,edockreay6c@harvard.edu,Male,13.154.175.206,2010-03-29
230,Jacintha,Diddams,jdiddams6d@jiathis.com,Female,53.53.141.242,1973-09-17
231,Clerc,Lougheed,clougheed6e@cyberchimps.com,Male,209.92.29.214,1959-08-15
232,Kylie,Venmore,kvenmore6f@facebook.com,Female,233.18.16.223,1974-04-19
233,Shirlene,Dable,sdable6g@sakura.ne.jp,Female,53.202.130.185,2020-07-30
234,Cynthea,Kamall,ckamall6h@admin.ch,Female,15.222.135.123,2023-02-13
235,Gaston,Rutledge,grutledge6i@narod.ru,Male,159.6.137.174,1994-02-11
236,Smith,Kreber,skreber6j@networkadvertising.org,Male,243.145.229.147,2004-05-26
237,Dalia,Bilston,dbilston6k@symantec.com,Agender,236.238.30.9,1985-07-11
238,Maureene,Perillo,mperillo6l@jalbum.net,Female,170.1.184.248,1962-09-03
239,Malissa,Anan,manan6m@hp.com,Female,76.228.68.187,2006-09-01
240,Kylynn,Pitt,kpitt6n@arizona.edu,Female,139.114.115.245,1970-03-01
241,Talbot,Kamien,tkamien6o@webnode.com,Male,180.75.251.34,2016-09-26
242,Abby,Blincowe,ablincowe6p@patch.com,Male,119.30.111.102,2015-06-08
243,Ulrika,Reasce,ureasce6q@imdb.com,Female,186.164.152.28,1960-11-09
244,Rabbi,Akhurst,rakhurst6r@imdb.com,Male,44.54.201.109,1985-07-19
245,Rudolf,Vest,rvest6s@wix.com,Male,113.27.249.137,2022-01-02
246,Joye,Durnan,jdurnan6t@behance.net,Female,70.71.30.214,1968-05-20
247,Guthry,Footer,gfooter6u@simplemachines.org,Male,200.35.250.164,1976-05-11
248,Burnard,MacNish,bmacnish6v@cargocollective.com,Genderqueer,17.75.51.159,1972-08-03
249,Ardeen,Willgrass,awillgrass6w@walmart.com,Female,125.162.140.103,1987-10-13
250,Fred,Bartosch,fbartosch6x@sourceforge.net,Male,164.227.232.143,1967-05-26
251,Sydelle,Piggins,spiggins6y@angelfire.com,Bigender,205.140.81.227,2016-09-18
252,Orrin,Merrison,omerrison6z@senate.gov,Male,58.215.90.102,1967-08-21
253,Gabi,Annwyl,gannwyl70@baidu.com,Genderqueer,148.188.51.70,1959-04-05
254,Forester,Hedau,fhedau71@hc360.com,Male,59.182.93.190,1976-01-28
255,Wilie,Ballay,wballay72@wunderground.com,Bigender,253.3.67.246,1959-04-03
256,Gates,Brettor,gbrettor73@examiner.com,Female,226.157.138.19,1964-05-29
257,Hugibert,Pether,hpether74@ask.com,Male,51.161.8.46,1995-05-27
258,Pierce,Sisnett,psisnett75@ox.ac.uk,Male,249.93.125.170,1986-10-05
259,Nicolai,Graber,ngraber76@yelp.com,Male,85.64.168.175,1994-12-20
260,Camellia,Warrender,cwarrender77@t.co,Female,177.136.22.67,1997-05-21
261,Darice,Cormack,dcormack78@nhs.uk,Female,75.53.110.118,2016-09-10
262,Corny,Bront,cbront79@blog.com,Female,165.124.224.29,2011-10-02
263,Ernaline,Valek,evalek7a@trellian.com,Female,90.175.170.200,1979-01-28
264,Allyce,Murcott,amurcott7b@microsoft.com,Female,57.238.47.63,2013-08-18
265,Giffer,Patinkin,gpatinkin7c@yale.edu,Male,244.239.185.24,2000-04-23
266,Inga,Tewkesbury.,itewkesbury7d@globo.com,Female,138.70.96.97,1986-10-27
267,Angelo,Pettinger,apettinger7e@nytimes.com,Genderfluid,131.34.142.127,2008-08-24
268,Penrod,Pengilly,ppengilly7f@aol.com,Male,183.187.80.193,1973-09-08
269,Stafani,Skin,sskin7g@fastcompany.com,Female,152.88.250.139,2012-10-04
270,Joshua,Bowlesworth,jbowlesworth7h@sitemeter.com,Male,226.235.184.139,2018-04-25
271,Joann,Hatchett,jhatchett7i@parallels.com,Genderfluid,1.74.71.208,1994-07-23
272,Demetri,Margeram,dmargeram7j@theatlantic.com,Male,160.255.145.225,2015-05-06
273,Jacklyn,Spier,jspier7k@studiopress.com,Genderfluid,15.75.158.210,1979-06-06
274,Dylan,Aleksic,daleksic7l@behance.net,Male,208.80.110.157,1964-09-02
275,Manolo,Pavey,mpavey7m@google.es,Male,211.117.66.186,1990-04-28
276,Bab,Showt,bshowt7n@freewebs.com,Female,105.213.196.225,1999-05-17
277,Finlay,Harkes,fharkes7o@yale.edu,Genderfluid,119.26.57.247,1968-03-25
278,Oby,Thurby,othurby7p@oaic.gov.au,Male,160.243.91.66,1974-04-18
279,Blithe,Christoforou,bchristoforou7q@wunderground.com,Female,88.110.168.8,2007-05-06
280,Abbie,MacCartan,amaccartan7r@blogger.com,Female,94.9.196.18,1960-01-23
281,Martin,Dinan,mdinan7s@ycombinator.com,Male,173.98.250.194,1961-09-18
282,Honor,Breede,hbreede7t@de.vu,Genderfluid,123.178.72.226,2016-07-26
283,Kevin,Frapwell,kfrapwell7u@vinaora.com,Male,101.158.162.168,1995-02-11
284,Glenn,McCaughran,gmccaughran7v@icq.com,Male,222.49.168.170,1969-03-06
285,Jenda,Shoobridge,jshoobridge7w@163.com,Female,226.99.122.17,1968-07-28
286,Jaquelin,Egglestone,jegglestone7x@wunderground.com,Female,56.125.151.35,2004-04-27
287,Monty,Siviter,msiviter7y@europa.eu,Male,107.119.160.207,2015-02-07
288,Arabella,Boothroyd,aboothroyd7z@marriott.com,Female,113.155.73.133,1992-08-19
289,Arie,Douberday,adouberday80@tinypic.com,Male,220.55.78.157,1997-10-15
290,Emmi,Culpen,eculpen81@hc360.com,Female,41.101.33.15,2007-07-14
291,Vicki,Henken,vhenken82@wisc.edu,Female,131.152.10.207,1975-06-13
292,Nestor,Bigg,nbigg83@cnn.com,Male,20.203.59.80,2009-08-30
293,Jammal,Enstone,jenstone84@merriam-webster.com,Male,86.79.181.241,2012-04-04
294,Elspeth,Ludman,eludman85@fastcompany.com,Female,213.137.138.132,1999-10-02
295,Ginny,Jecock,gjecock86@wp.com,Female,99.231.107.36,1977-11-07
296,Crichton,Tregent,ctregent87@utexas.edu,Bigender,153.55.77.58,2016-03-05
297,Robin,Shuker,rshuker88@shop-pro.jp,Female,32.238.204.178,1999-04-28
298,Mendie,Baalham,mbaalham89@bloglines.com,Male,133.184.29.101,1967-10-30
299,Marion,Petrashov,mpetrashov8a@apache.org,Male,209.51.34.30,1960-02-10
300,Barth,Ditchett,bditchett8b@state.tx.us,Male,179.48.117.39,1959-07-25
301,Greggory,Pallant,gpallant8c@fema.gov,Male,175.168.220.5,2022-02-09
302,Malachi,Hansom,mhansom8d@weebly.com,Male,112.180.51.215,1959-01-18
303,Conn,Winear,cwinear8e@auda.org.au,Male,72.28.37.160,2007-07-26
304,Bil,Kilfeather,bkilfeather8f@google.nl,Male,57.88.244.197,2000-04-10
305,Cecil,Ort,cort8g@webmd.com,Male,172.43.37.252,1991-05-18
306,Gustie,Anscott,ganscott8h@businesswire.com,Female,91.158.195.224,1967-12-27
307,Rozina,Luckett,rluckett8i@ihg.com,Female,20.168.166.180,1973-10-11
308,Vinny,Drayson,vdrayson8j@businessweek.com,Genderqueer,36.145.153.89,1993-11-30
309,Filippa,Stirzaker,fstirzaker8k@chron.com,Female,134.61.80.9,1997-12-24
310,Xenia,Attwoull,xattwoull8l@paypal.com,Female,205.87.248.71,1974-04-22
311,Frasquito,Keaysell,fkeaysell8m@unicef.org,Male,143.20.25.176,2005-01-02
312,Jay,Ferson,jferson8n@aol.com,Male,57.244.53.21,2002-05-20
313,Manolo,Grinley,mgrinley8o@redcross.org,Male,83.5.215.79,1979-03-24
314,Felic,Trehearne,ftrehearne8p@ebay.com,Male,238.58.106.158,1994-01-02
315,Kris,Nelson,knelson8q@arstechnica.com,Female,185.195.24.97,1998-05-01
316,Carny,Fallanche,cfallanche8r@vinaora.com,Male,230.116.99.111,1980-05-17
317,Gwynne,Louis,glouis8s@people.com.cn,Female,210.111.109.192,1967-07-12
318,Kandace,Handke,khandke8t@examiner.com,Female,207.187.192.90,1997-08-14
319,Eliot,Spera,espera8u@usa.gov,Male,4.158.59.50,2018-01-27
320,Tiphani,Pandey,tpandey8v@dagondesign.com,Female,198.211.75.119,2017-08-31
321,Urbain,Kirton,ukirton8w@shareasale.com,Male,44.182.222.220,2017-05-19
322,Jereme,Caro,jcaro8x@opensource.org,Genderqueer,31.181.0.99,1959-04-26
323,Shaine,Mastrantone,smastrantone8y@msn.com,Male,242.221.90.55,1964-02-09
324,Bentley,Mell,bmell8z@tripadvisor.com,Male,153.245.132.29,1999-07-17
325,Marcelline,Pidon,mpidon90@bloomberg.com,Female,205.246.215.137,1990-08-20
326,Fae,Jobbins,fjobbins91@google.cn,Agender,81.146.242.121,1996-05-06
327,Willa,Winchcombe,wwinchcombe92@wsj.com,Female,127.98.84.99,1994-02-11
328,Cthrine,Sowte,csowte93@nymag.com,Female,191.21.177.211,1989-04-19
329,Lawton,Bottjer,lbottjer94@liveinternet.ru,Male,173.59.238.180,1981-08-26
330,Mignonne,Slad,mslad95@ebay.co.uk,Female,36.214.179.181,2009-06-11
331,Lewes,Tock,ltock96@unesco.org,Male,157.50.182.158,1967-11-22
332,Averell,Jarrett,ajarrett97@edublogs.org,Male,98.81.97.159,1997-05-19
333,Austina,Bastard,abastard98@usnews.com,Female,32.10.102.194,2017-03-07
334,Flori,Bantick,fbantick99@google.com.au,Female,245.100.211.138,1987-10-30
335,Harriot,Kilborn,hkilborn9a@mozilla.com,Female,35.162.60.53,1963-06-14
336,Leon,Dunstone,ldunstone9b@tumblr.com,Male,169.5.220.50,1963-09-05
337,Emmye,Pietruszka,epietruszka9c@sphinn.com,Female,60.135.10.24,2009-12-31
338,Michele,Hawsby,mhawsby9d@dyndns.org,Male,89.76.103.185,2001-08-25
339,Berte,Chevin,bchevin9e@samsung.com,Female,70.12.91.20,1991-04-23
340,Nikita,Vosper,nvosper9f@gnu.org,Agender,204.152.129.106,1997-08-21
341,Val,Ebben,vebben9g@archive.org,Female,129.15.223.184,2010-07-25
342,Leonardo,Borell,lborell9h@ebay.com,Male,216.25.72.224,1968-12-26
343,Gwenora,Bernaldo,gbernaldo9i@bizjournals.com,Female,68.36.81.58,2007-04-27
344,Mia,Tarquinio,mtarquinio9j@cbslocal.com,Female,159.247.184.9,2023-08-29
345,Welby,Imason,wimason9k@skype.com,Male,254.163.195.229,2004-10-28
346,Karlik,Larkby,klarkby9l@multiply.com,Male,152.69.67.249,2009-01-06
347,Arthur,Candlin,acandlin9m@army.mil,Male,185.30.249.171,1965-01-30
348,Corilla,Widger,cwidger9n@mac.com,Female,168.129.72.238,1984-11-09
349,Oliy,Alleway,oalleway9o@digg.com,Female,154.229.227.179,1964-09-08
350,Gerrard,Abramchik,gabramchik9p@weibo.com,Male,154.217.89.175,2014-03-20
351,Elisa,Phipps,ephipps9q@soup.io,Female,17.73.116.191,1996-03-14
352,Brana,Kelemen,bkelemen9r@mtv.com,Female,141.80.51.229,1996-11-06
353,Ken,Grzegorecki,kgrzegorecki9s@lulu.com,Male,39.26.59.184,1992-10-28
354,Hadlee,Liddiard,hliddiard9t@phoca.cz,Male,173.15.31.192,2021-02-16
355,Finley,Richel,frichel9u@gmpg.org,Male,228.88.225.224,1969-02-25
356,Ashely,Horlock,ahorlock9v@networkadvertising.org,Female,222.6.85.17,1999-10-08
357,Tisha,Denk,tdenk9w@globo.com,Female,251.0.28.159,1990-05-18
358,Minnie,Craiker,mcraiker9x@4shared.com,Female,102.141.232.93,1977-02-06
359,Fairleigh,Tousey,ftousey9y@fda.gov,Male,212.77.84.64,1971-05-10
360,Nikolas,Detheridge,ndetheridge9z@homestead.com,Male,129.3.92.225,2023-03-19
361,Janette,Nolot,jnolota0@webmd.com,Female,224.203.125.3,1987-05-09
362,Salome,Kield,skielda1@army.mil,Female,232.75.188.183,1987-07-17
363,Devlen,Darrach,ddarracha2@zdnet.com,Male,75.141.225.118,2018-12-04
364,Justus,Blackey,jblackeya3@ovh.net,Agender,141.252.18.244,2008-04-09
365,Georg,Enderle,genderlea4@economist.com,Non-binary,211.6.182.227,1969-08-28
366,Barbaraanne,Temprell,btemprella5@i2i.jp,Female,160.183.245.47,2006-12-06
367,Meir,Logue,mloguea6@usa.gov,Polygender,24.227.163.25,1977-08-10
368,Rickie,Menco,rmencoa7@reference.com,Male,233.5.195.31,1978-11-10
369,Lucius,Harman,lharmana8@moonfruit.com,Male,195.29.183.4,2019-01-13
370,Roch,Fourman,rfourmana9@cloudflare.com,Female,243.122.29.46,1989-07-03
371,Faydra,Koschke,fkoschkeaa@loc.gov,Female,171.247.109.228,1995-08-19
372,Boycie,Leadley,bleadleyab@nymag.com,Male,179.235.243.161,1990-06-10
373,Decca,Margaret,dmargaretac@example.com,Male,248.22.130.127,2016-02-20
374,Molli,Stopford,mstopfordad@ezinearticles.com,Female,55.181.184.17,1958-11-29
375,Wat,Malimoe,wmalimoeae@comsenz.com,Male,65.139.74.76,1961-04-05
376,Kandace,Hoxey,khoxeyaf@ted.com,Female,115.39.52.34,1994-09-23
377,Laurel,Gemmill,lgemmillag@patch.com,Female,95.118.46.41,2000-09-09
378,Lionello,Lerer,llererah@accuweather.com,Male,179.69.80.250,1997-02-06
379,Jeanine,Sheehan,jsheehanai@google.com,Female,244.63.198.164,1984-02-08
380,Devonne,Tindley,dtindleyaj@freewebs.com,Female,75.15.80.132,2010-05-17
381,Elga,Kosiada,ekosiadaak@clickbank.net,Female,170.102.56.160,2005-05-23
382,Terrence,Oake,toakeal@squidoo.com,Male,53.199.253.225,1994-06-20
383,Emelyne,Hundley,ehundleyam@netvibes.com,Female,85.106.250.65,1984-02-07
384,Valentine,Todhunter,vtodhunteran@pen.io,Female,104.21.8.36,1996-09-15
385,Elysha,Yelyashev,eyelyashevao@nymag.com,Female,74.244.190.201,1974-10-15
386,Amara,Shatliff,ashatliffap@parallels.com,Female,105.220.15.112,1968-07-29
387,Ashlee,Lambal,alambalaq@netlog.com,Female,125.209.210.113,1989-06-13
388,Iolande,Garmey,igarmeyar@blinklist.com,Female,76.192.115.100,2008-04-04
389,Elfrida,Rantoul,erantoulas@usda.gov,Female,173.219.62.15,1989-12-12
390,Ogdan,Woodbridge,owoodbridgeat@gizmodo.com,Male,40.46.170.140,2004-11-22
391,Maia,Aleksandrov,maleksandrovau@wix.com,Female,59.37.150.45,1985-07-23
392,Melisenda,Nurse,mnurseav@howstuffworks.com,Female,186.214.45.3,1986-09-06
393,Shandee,Kindleysides,skindleysidesaw@nydailynews.com,Female,37.176.80.140,1978-01-26
394,Ingeborg,Killcross,ikillcrossax@chron.com,Female,102.120.92.254,2020-07-27
395,Darrel,Kohen,dkohenay@oakley.com,Non-binary,232.57.46.22,1962-03-22
396,Ossie,Kornel,okornelaz@ow.ly,Male,114.180.9.196,1979-12-29
397,Julina,Thornham,jthornhamb0@comcast.net,Female,27.192.152.209,1959-02-24
398,Frasquito,Lyptratt,flyptrattb1@icq.com,Male,42.112.39.70,1966-03-17
399,Vinita,Du Fray,vdufrayb2@ycombinator.com,Female,180.162.11.246,1969-03-26
400,Feliks,MacGillivray,fmacgillivrayb3@eepurl.com,Male,238.31.161.239,1990-11-10
401,Julio,Leate,jleateb4@phpbb.com,Male,51.26.165.141,1981-12-26
402,Adelbert,Ambroix,aambroixb5@dedecms.com,Male,100.164.71.72,2006-02-13
403,Shara,Mughal,smughalb6@apple.com,Non-binary,58.26.198.151,2005-04-20
404,Dionisio,Mucklow,dmucklowb7@craigslist.org,Male,223.51.133.236,1961-04-27
405,Delores,Canny,dcannyb8@samsung.com,Female,76.0.45.207,1972-08-24
406,Mildrid,Hurdedge,mhurdedgeb9@reddit.com,Female,59.77.255.166,2004-12-16
407,Chic,Russam,crussamba@umn.edu,Male,246.7.6.66,1993-09-13
408,Buck,Janusik,bjanusikbb@theguardian.com,Male,105.135.82.104,2011-01-21
409,Ethe,Wallworth,ewallworthbc@mtv.com,Male,147.247.251.115,1968-04-07
410,Benny,Glassford,bglassfordbd@aol.com,Female,225.110.35.190,2016-08-12
411,Amelina,Maciejewski,amaciejewskibe@fastcompany.com,Female,162.68.250.185,1958-06-12
412,Chucho,Collingham,ccollinghambf@cbc.ca,Male,75.51.54.20,1966-06-01
413,Darrin,Barbrook,dbarbrookbg@google.co.jp,Male,5.159.229.152,2001-05-21
414,Anett,Bruckman,abruckmanbh@hatena.ne.jp,Female,87.154.41.104,1971-03-14
415,Kalila,Guynemer,kguynemerbi@java.com,Female,52.166.254.20,1971-02-02
416,Floris,Pischoff,fpischoffbj@elegantthemes.com,Female,30.150.225.46,1973-09-07
417,Antonino,Simoncini,asimoncinibk@biglobe.ne.jp,Male,236.61.81.33,1958-03-10
418,Tatiana,Ollington,tollingtonbl@mlb.com,Female,184.185.61.217,2008-01-31
419,Aaron,Deeves,adeevesbm@jigsy.com,Genderqueer,98.22.207.229,1968-11-20
420,Abel,Underhill,aunderhillbn@abc.net.au,Male,106.230.69.37,1967-10-03
421,Celinka,Blunsum,cblunsumbo@nbcnews.com,Female,206.149.219.27,1982-11-11
422,Weylin,Emmison,wemmisonbp@seattletimes.com,Male,202.12.92.28,1968-04-13
423,Tamra,Clemont,tclemontbq@livejournal.com,Female,222.251.159.102,1969-01-15
424,Reinhold,Gowrich,rgowrichbr@so-net.ne.jp,Male,122.72.239.139,1981-06-08
425,Travus,Ewin,tewinbs@java.com,Male,244.154.107.247,1989-06-27
426,Giorgia,Symmons,gsymmonsbt@webnode.com,Female,153.172.96.10,1960-02-09
427,Phoebe,D'orsay,pdorsaybu@shareasale.com,Female,143.66.253.6,1986-11-15
428,Reidar,Tucsell,rtucsellbv@yahoo.com,Male,119.237.202.231,1987-01-16
429,Damien,Kornes,dkornesbw@rakuten.co.jp,Male,135.71.74.158,2012-08-26
430,Tabbie,Domengue,tdomenguebx@sciencedaily.com,Male,51.211.90.32,1972-02-20
431,Harman,Manson,hmansonby@mit.edu,Male,215.97.203.102,1980-07-04
432,Merill,Franklyn,mfranklynbz@purevolume.com,Male,138.102.46.142,1991-11-01
433,Gerti,Burfield,gburfieldc0@angelfire.com,Female,144.241.164.206,2009-12-27
434,Fallon,Dimberline,fdimberlinec1@buzzfeed.com,Female,17.248.124.116,2013-03-01
435,Cary,Loftus,cloftusc2@wired.com,Female,178.150.184.0,1981-10-09
436,Bridget,Quested,bquestedc3@cmu.edu,Female,183.123.48.120,2008-06-07
437,Niko,Lorkins,nlorkinsc4@salon.com,Non-binary,89.102.211.15,1974-02-25
438,Auguste,McMichan,amcmichanc5@purevolume.com,Female,7.3.16.60,1968-11-18
439,Brennen,Del Dello,bdeldelloc6@netvibes.com,Male,33.215.213.215,1963-12-18
440,Shepperd,Chate,schatec7@simplemachines.org,Male,178.218.200.2,1974-09-16
441,Hanny,Shutte,hshuttec8@omniture.com,Female,70.2.141.240,1975-05-15
442,Belva,McMillam,bmcmillamc9@blinklist.com,Female,64.138.82.191,1989-12-24
443,Washington,Dorney,wdorneyca@latimes.com,Male,83.24.6.190,2013-06-05
444,Gizela,Clague,gclaguecb@mit.edu,Female,193.182.107.44,2008-03-13
445,Ned,Drinan,ndrinancc@github.io,Male,73.146.90.84,1988-03-03
446,Waldo,Hyndley,whyndleycd@usda.gov,Male,233.171.23.76,2022-01-16
447,Maurie,Francombe,mfrancombece@about.com,Male,72.59.235.162,1996-10-04
448,Obadiah,Izkovitz,oizkovitzcf@bloglovin.com,Male,173.134.17.19,2013-11-01
449,Kaleena,Vurley,kvurleycg@intel.com,Female,19.233.9.223,1970-07-25
450,Stillmann,Daouze,sdaouzech@yolasite.com,Male,1.233.241.102,1978-10-15
451,Giraldo,Bolin,gbolinci@foxnews.com,Male,176.255.237.73,2003-07-05
452,Johny,Earry,jearrycj@webeden.co.uk,Male,151.155.252.45,1994-04-25
453,Vinita,Capstick,vcapstickck@dot.gov,Female,94.15.64.144,1995-10-25
454,Brannon,Lethbury,blethburycl@hc360.com,Male,1.113.120.60,1999-01-04
455,Ludwig,Goozee,lgoozeecm@blogspot.com,Male,22.231.52.131,1971-08-14
456,Helga,Girardini,hgirardinicn@vk.com,Female,154.215.25.199,1977-02-24
457,Dorella,Ord,dordco@usa.gov,Female,210.128.146.93,1967-04-12
458,Shandy,Soigoux,ssoigouxcp@free.fr,Female,235.40.252.185,1997-08-22
459,Henrie,Pollicote,hpollicotecq@geocities.jp,Female,97.218.18.96,1978-06-18
460,Abby,Gowman,agowmancr@cyberchimps.com,Male,253.13.11.231,2013-07-03
461,Kory,Burle,kburlecs@google.it,Male,109.251.66.160,1982-08-04
462,Dareen,Took,dtookct@bloomberg.com,Female,229.217.61.138,1962-03-02
463,Chev,Tubritt,ctubrittcu@youtube.com,Male,149.103.160.212,1964-12-31
464,Joyan,Awmack,jawmackcv@wunderground.com,Female,105.118.51.37,1959-03-28
465,Brocky,Pinkie,bpinkiecw@php.net,Male,244.200.198.226,2011-07-29
466,Morley,Keningham,mkeninghamcx@epa.gov,Male,146.55.162.37,2024-02-05
467,Si,Goodrich,sgoodrichcy@bbc.co.uk,Male,233.78.42.199,2020-12-06
468,Trixi,Mettetal,tmettetalcz@npr.org,Female,48.127.8.209,2013-05-07
469,Wang,Golthorpp,wgolthorppd0@microsoft.com,Male,175.25.182.47,1986-08-26
470,Tamas,Filoniere,tfiloniered1@telegraph.co.uk,Male,12.158.73.141,2000-01-23
471,Blancha,Mycock,bmycockd2@sakura.ne.jp,Female,140.143.28.96,2001-04-21
472,Carree,Cubberley,ccubberleyd3@elegantthemes.com,Female,97.178.223.212,2006-01-08
473,Adah,Augar,aaugard4@craigslist.org,Female,251.40.233.17,1983-02-18
474,Ame,Kaiser,akaiserd5@foxnews.com,Female,110.217.246.63,1959-12-15
475,Linnea,Cristofol,lcristofold6@squarespace.com,Polygender,48.206.220.7,2010-03-02
476,Angelika,Scrane,ascraned7@51.la,Genderfluid,113.88.18.217,2010-01-23
477,Benito,Steabler,bsteablerd8@time.com,Male,90.75.70.122,1969-04-04
478,Chere,Davydenko,cdavydenkod9@youtu.be,Agender,201.250.179.49,1957-12-11
479,Lewiss,Bernaciak,lbernaciakda@cornell.edu,Male,168.32.1.251,1973-10-31
480,Laraine,Folley,lfolleydb@walmart.com,Female,225.93.48.186,1994-12-23
481,Elton,Schollar,eschollardc@mozilla.com,Male,245.35.208.150,2016-03-03
482,Danny,O'Keenan,dokeenandd@nature.com,Female,83.68.160.74,2002-11-22
483,Margo,Normant,mnormantde@ocn.ne.jp,Female,82.81.161.17,1969-07-17
484,Marwin,Stickings,mstickingsdf@illinois.edu,Male,74.56.118.250,1962-11-05
485,Barth,Paxforde,bpaxfordedg@homestead.com,Male,169.221.182.138,2012-02-05
486,Pepe,Davitashvili,pdavitashvilidh@plala.or.jp,Male,55.184.45.163,2005-08-20
487,Marlyn,Gave,mgavedi@youtu.be,Female,239.58.28.32,1989-03-18
488,Kimmie,Goreway,kgorewaydj@aboutads.info,Female,232.160.215.160,1987-05-07
489,Nickolaus,Jaukovic,njaukovicdk@guardian.co.uk,Male,84.231.248.119,1995-07-27
490,Sigismond,Newlan,snewlandl@uol.com.br,Male,73.89.51.16,1964-07-29
491,Cross,Sexti,csextidm@discovery.com,Male,107.226.169.52,2020-03-14
492,Clywd,Semple,csempledn@washingtonpost.com,Male,58.75.148.225,2001-10-05
493,Hobie,Eardley,heardleydo@tripadvisor.com,Male,110.188.111.29,1985-11-24
494,Sybila,Duffield,sduffielddp@reddit.com,Female,211.214.93.157,2004-01-16
495,Linoel,Vickerman,lvickermandq@guardian.co.uk,Male,236.190.195.234,2013-08-28
496,Clemmie,Challicum,cchallicumdr@reverbnation.com,Genderqueer,75.205.129.227,1986-08-18
497,Clarke,Quest,cquestds@360.cn,Male,104.236.253.76,1997-03-27
498,Jacky,Pic,jpicdt@jimdo.com,Female,18.141.171.226,1961-09-23
499,Pietro,Seiler,pseilerdu@china.com.cn,Genderfluid,138.155.10.37,1964-04-19
500,Wenona,Petrosian,wpetrosiandv@gov.uk,Female,146.114.70.252,1977-11-23
501,Sean,Corwin,scorwindw@columbia.edu,Male,211.28.21.155,1973-03-07
502,Lyn,Ramsay,lramsaydx@1688.com,Female,188.150.91.39,1995-07-01
503,Boone,Brabham,bbrabhamdy@cmu.edu,Genderfluid,86.12.96.203,2016-08-02
504,Dicky,Ende,dendedz@cyberchimps.com,Male,196.188.49.72,1962-11-25
505,Sissie,Tart,starte0@unblog.fr,Female,75.106.114.52,2005-02-16
506,Marcellina,Mowle,mmowlee1@jigsy.com,Female,108.193.159.68,1995-12-23
507,Myrtice,Dugdale,mdugdalee2@163.com,Female,162.58.222.119,1987-12-12
508,Jesselyn,Caughtry,jcaughtrye3@jiathis.com,Female,176.240.105.200,2009-05-28
509,Keeley,Manifold,kmanifolde4@cnbc.com,Female,29.185.112.254,1977-04-21
510,Andra,Paddon,apaddone5@ocn.ne.jp,Non-binary,172.228.85.145,1957-11-10
511,Malachi,Shelford,mshelforde6@bravesites.com,Male,254.184.127.102,2020-08-16
512,Vladamir,Dutnall,vdutnalle7@flavors.me,Male,15.36.1.236,1986-09-17
513,Harry,O'Dowling,hodowlinge8@businessweek.com,Male,160.56.56.129,1977-08-10
514,Bary,Forsyde,bforsydee9@about.com,Male,20.158.111.107,1983-01-12
515,Jere,Mogg,jmoggea@cocolog-nifty.com,Male,76.130.50.226,1963-08-29
516,Erich,Grinikhin,egrinikhineb@pinterest.com,Male,90.251.204.19,2013-09-10
517,Nicoli,Vinick,nvinickec@facebook.com,Female,89.212.107.61,1984-11-15
518,Gun,Sayce,gsayceed@free.fr,Male,55.169.5.66,2000-10-16
519,Denys,Elward,delwardee@who.int,Genderqueer,149.103.67.237,1991-12-25
520,Iggy,Donn,idonnef@storify.com,Male,230.55.204.85,2007-05-09
521,Hedda,Tanser,htansereg@accuweather.com,Female,142.185.230.96,1994-02-27
522,Sidonnie,Morratt,smorratteh@hostgator.com,Female,201.35.232.20,2020-07-15
523,Sandor,Newberry,snewberryei@reverbnation.com,Male,106.147.160.192,1961-09-08
524,Ermin,Kiezler,ekiezlerej@pinterest.com,Male,180.228.181.106,1998-03-14
525,Mauricio,Pendre,mpendreek@craigslist.org,Male,98.64.56.228,2012-04-11
526,Kimbra,Frunks,kfrunksel@blinklist.com,Female,34.166.136.82,1959-11-01
527,Kincaid,Klimp,kklimpem@is.gd,Male,3.210.202.242,1968-07-05
528,Barbra,Jopke,bjopkeen@harvard.edu,Female,221.80.67.135,1962-05-10
529,Marys,Moyler,mmoylereo@google.ca,Female,187.229.113.187,1981-01-01
530,Drusy,Matteau,dmatteauep@mac.com,Female,167.179.148.5,2024-04-04
531,Stephanus,Bolden,sboldeneq@amazon.de,Bigender,159.233.102.235,1984-12-06
532,Lanie,Sandwich,lsandwicher@netlog.com,Bigender,40.135.219.78,2000-05-10
533,Bat,Sturror,bsturrores@example.com,Male,102.222.167.164,1997-11-08
534,Starr,Maggiore,smaggioreet@ask.com,Female,9.132.56.69,2002-04-27
535,Renaud,Fosher,rfoshereu@prweb.com,Male,108.71.26.127,2019-03-24
536,Hervey,Segges,hseggesev@whitehouse.gov,Agender,188.73.7.117,1970-05-23
537,Dov,Wippermann,dwippermannew@apple.com,Male,75.215.140.234,1992-10-11
538,Lexine,Rastall,lrastallex@smugmug.com,Female,248.217.224.178,2018-08-09
539,Issi,Robshaw,irobshawey@google.nl,Female,237.114.193.105,1975-11-27
540,Neddy,MacCumiskey,nmaccumiskeyez@uol.com.br,Male,35.140.79.229,1974-01-29
541,Gabriella,Breeton,gbreetonf0@plala.or.jp,Female,44.121.74.10,2022-05-24
542,Reade,Shanahan,rshanahanf1@tmall.com,Male,123.55.95.136,1967-03-10
543,Melina,Esche,meschef2@mac.com,Bigender,237.115.214.68,2011-03-20
544,Orren,Faulconbridge,ofaulconbridgef3@hc360.com,Male,116.24.119.69,1981-04-01
545,Merrily,Render,mrenderf4@stumbleupon.com,Female,82.198.171.126,1975-01-14
546,Kelcie,Chaucer,kchaucerf5@nytimes.com,Female,55.215.214.79,1996-05-26
547,Drud,Huriche,dhurichef6@ftc.gov,Male,207.198.65.105,1964-01-16
548,Thor,Pendrey,tpendreyf7@ehow.com,Polygender,137.190.11.184,2017-10-06
549,Artemas,Coupman,acoupmanf8@wikimedia.org,Male,133.211.188.161,1995-03-24
550,Jermayne,Lisett,jlisettf9@creativecommons.org,Male,203.172.230.27,2022-11-04
551,Reina,Cornwall,rcornwallfa@harvard.edu,Genderfluid,169.74.65.54,1962-12-19
552,Ruprecht,Orpen,rorpenfb@pagesperso-orange.fr,Male,148.20.4.139,1986-01-03
553,Lexine,McPeeters,lmcpeetersfc@java.com,Female,222.176.17.64,2018-10-30
554,Michal,Baughn,mbaughnfd@clickbank.net,Male,145.106.199.35,2012-03-14
555,Candy,Luckham,cluckhamfe@homestead.com,Female,106.85.113.213,1961-02-20
556,Wenonah,Holston,wholstonff@feedburner.com,Female,156.114.142.126,2007-10-28
557,Lexie,Oby,lobyfg@csmonitor.com,Female,215.93.9.248,2018-03-26
558,Ric,Goodbur,rgoodburfh@goo.gl,Male,176.94.32.71,1979-12-31
559,Westley,Bierling,wbierlingfi@google.ca,Male,35.47.208.196,1961-12-22
560,Hillary,Kiledal,hkiledalfj@hc360.com,Male,34.117.229.35,1967-02-26
561,Idalina,Base,ibasefk@uiuc.edu,Female,200.163.255.71,1988-10-24
562,Herrick,Downse,hdownsefl@psu.edu,Polygender,104.200.96.249,1980-12-16
563,Hanna,Oldcote,holdcotefm@webnode.com,Female,132.132.178.88,2023-03-13
564,Gwyneth,Britt,gbrittfn@discovery.com,Female,195.253.64.190,1991-12-17
565,Lock,Norway,lnorwayfo@plala.or.jp,Male,34.8.41.253,2023-05-05
566,Kerrill,Stichel,kstichelfp@pagesperso-orange.fr,Female,1.137.237.96,1982-06-08
567,Leann,Tuite,ltuitefq@tmall.com,Female,225.144.142.41,2011-11-03
568,Wendell,Lenaghen,wlenaghenfr@ebay.co.uk,Male,241.183.162.32,2014-06-15
569,Urson,Liverock,uliverockfs@netlog.com,Male,92.107.11.176,2020-12-23
570,Katrina,Rousell,krousellft@army.mil,Female,253.202.231.87,1993-12-23
571,Devora,Issatt,dissattfu@theguardian.com,Female,93.64.186.8,1966-06-27
572,Cobby,Warstall,cwarstallfv@nydailynews.com,Male,1.68.107.234,1995-06-25
573,Pansy,Stuart,pstuartfw@etsy.com,Female,207.220.98.67,2015-09-30
574,Lilian,Skillington,lskillingtonfx@ox.ac.uk,Agender,227.108.182.136,1971-05-11
575,Florentia,Lampet,flampetfy@bandcamp.com,Female,91.16.190.204,1991-03-25
576,Ave,Gerardot,agerardotfz@ifeng.com,Male,11.51.22.171,2022-11-19
577,Redford,Asgodby,rasgodbyg0@about.com,Male,42.31.176.103,1984-07-31
578,Austin,Conwell,aconwellg1@parallels.com,Female,62.44.180.94,2011-08-09
579,Dicky,Feuell,dfeuellg2@histats.com,Male,150.224.2.90,2008-05-03
580,Augustina,Addinall,aaddinallg3@dailymotion.com,Female,10.49.67.92,1961-05-27
581,Andi,Blaszczyk,ablaszczykg4@google.nl,Female,222.151.13.84,1957-06-05
582,Bellina,Tinker,btinkerg5@comcast.net,Female,220.149.12.131,2001-05-17
583,Tessa,Jurca,tjurcag6@myspace.com,Female,105.121.219.163,1996-07-12
584,Sharline,Jorioz,sjoriozg7@whitehouse.gov,Female,130.143.112.47,1987-02-12
585,Karim,Cutress,kcutressg8@arstechnica.com,Male,91.227.211.82,1983-09-18
586,Vitia,Cowtherd,vcowtherdg9@opera.com,Female,93.145.180.252,1979-03-22
587,Baxie,Losebie,blosebiega@telegraph.co.uk,Genderqueer,92.51.247.156,2014-03-31
588,Mariann,Passfield,mpassfieldgb@eventbrite.com,Female,59.206.198.31,1959-11-20
589,Eduino,Calan,ecalangc@aol.com,Male,31.137.214.180,1964-06-12
590,Cheryl,Druhan,cdruhangd@whitehouse.gov,Female,240.64.145.185,2020-11-20
591,Vanda,Delaprelle,vdelaprellege@mapy.cz,Female,160.62.194.151,2018-09-23
592,Rheta,Dziwisz,rdziwiszgf@surveymonkey.com,Female,127.105.135.35,1973-07-12
593,Vanni,Boote,vbootegg@weather.com,Bigender,131.209.207.91,1969-11-12
594,Van,Rain,vraingh@comcast.net,Male,98.59.62.109,2023-10-22
595,Mae,Coneron,mconerongi@simplemachines.org,Female,142.131.185.178,1960-07-29
596,Nonie,Wilkie,nwilkiegj@nydailynews.com,Female,41.144.154.105,2007-03-08
597,Justino,Havill,jhavillgk@va.gov,Male,6.170.5.147,1985-03-09
598,Barnaby,Smead,bsmeadgl@gov.uk,Male,171.173.87.28,1971-08-27
599,Poul,Glassard,pglassardgm@wordpress.org,Genderqueer,31.60.104.139,1992-03-05
600,Baillie,Deviney,bdevineygn@printfriendly.com,Male,111.129.238.213,1994-01-03
601,Margaretha,Brodley,mbrodleygo@dailymail.co.uk,Female,242.64.200.58,1983-10-20
602,Dorie,Balsdone,dbalsdonegp@cdbaby.com,Female,89.158.185.129,1980-10-08
603,Ernesto,Jeayes,ejeayesgq@live.com,Male,232.159.11.143,1984-06-26
604,Lotty,Wells,lwellsgr@skyrock.com,Female,170.236.171.90,2017-08-20
605,Wade,Beere,wbeeregs@apache.org,Male,114.128.13.32,1975-01-02
606,Clementine,Rope,cropegt@blogtalkradio.com,Female,189.173.3.48,2015-05-26
607,Kelsy,McEneny,kmcenenygu@sohu.com,Female,184.64.157.190,1987-08-05
608,Luci,Herley,lherleygv@nih.gov,Female,227.55.112.137,1966-06-12
609,Barbi,Parlet,bparletgw@miitbeian.gov.cn,Female,25.48.186.43,1968-12-03
610,Dallas,Bridson,dbridsongx@hc360.com,Female,235.63.230.128,1980-04-24
611,Lynna,Shervil,lshervilgy@topsy.com,Female,1.89.215.1,1961-06-05
612,Dorise,Grinishin,dgrinishingz@cbslocal.com,Non-binary,218.180.68.30,2019-12-18
613,Joly,Higgonet,jhiggoneth0@ebay.co.uk,Female,10.127.246.14,1992-03-09
614,Caesar,Lezemore,clezemoreh1@wufoo.com,Male,2.255.103.172,1995-10-20
615,Heinrik,Sharram,hsharramh2@scribd.com,Male,56.166.38.204,1967-04-13
616,Lolita,Ruggs,lruggsh3@unicef.org,Female,238.23.171.92,2022-11-08
617,Shelden,Temperton,stempertonh4@issuu.com,Male,2.142.65.70,2006-11-08
618,Stanley,Mudge,smudgeh5@epa.gov,Polygender,176.212.78.205,1985-05-25
619,Lissie,Duffin,lduffinh6@slideshare.net,Female,10.234.145.111,1993-08-25
620,Corri,Aburrow,caburrowh7@ucoz.ru,Female,60.205.187.8,1976-07-17
621,Cathi,McParlin,cmcparlinh8@psu.edu,Female,43.254.46.193,2010-08-21
622,Natalee,Jansik,njansikh9@nymag.com,Female,169.200.1.217,1991-03-17
623,Cornelle,Kauscher,ckauscherha@google.com,Female,122.22.17.237,1978-08-25
624,Patrizius,Upson,pupsonhb@paginegialle.it,Male,1.219.99.84,1959-02-07
625,Beatrice,Prahl,bprahlhc@google.co.uk,Female,191.209.184.126,1966-03-15
626,Olivier,Whitebread,owhitebreadhd@rediff.com,Male,4.250.245.147,2020-01-26
627,Bibby,Dinsmore,bdinsmorehe@sina.com.cn,Female,62.182.127.36,1977-01-17
628,Lory,Chessel,lchesselhf@msn.com,Female,59.139.252.6,2012-06-19
629,Matias,Chantrell,mchantrellhg@aol.com,Male,32.113.19.185,1989-08-09
630,Alexei,Madine,amadinehh@geocities.com,Male,4.13.15.199,1973-02-27
631,Dmitri,Abbett,dabbetthi@miibeian.gov.cn,Male,36.87.169.217,1960-10-28
632,Yves,Leneve,ylenevehj@stumbleupon.com,Male,36.106.86.140,2013-03-01
633,Brittany,Somner,bsomnerhk@joomla.org,Female,9.192.30.244,2022-12-15
634,Eolanda,Bosomworth,ebosomworthhl@unesco.org,Female,25.35.37.197,1976-04-30
635,Roxine,Daltry,rdaltryhm@huffingtonpost.com,Female,208.196.161.13,1995-09-13
636,Rozalin,Fassmann,rfassmannhn@seesaa.net,Female,64.22.135.231,1993-01-10
637,Chariot,Aspital,caspitalho@wunderground.com,Male,110.87.249.211,1974-08-15
638,Birdie,Elgy,belgyhp@photobucket.com,Female,95.100.111.8,1991-01-31
639,Clarice,Morforth,cmorforthhq@nih.gov,Female,236.122.96.178,2022-03-09
640,Goober,Grant,ggranthr@msn.com,Male,90.251.223.105,1969-11-05
641,Melessa,Looney,mlooneyhs@gmpg.org,Female,162.158.218.23,1962-06-05
642,Berta,Olohan,bolohanht@wix.com,Female,226.145.39.247,2005-06-10
643,Tucker,Hastin,thastinhu@businessweek.com,Male,75.143.177.30,1971-01-26
644,Sutton,Orton,sortonhv@com.com,Male,169.15.115.113,1962-05-07
645,Laurie,Doggerell,ldoggerellhw@nps.gov,Male,25.224.6.91,1977-08-07
646,Sarine,Woodwind,swoodwindhx@deliciousdays.com,Female,220.247.210.71,1970-08-26
647,Frankie,Schooley,fschooleyhy@stumbleupon.com,Female,133.151.6.82,1971-02-26
648,Kristoforo,Matushevitz,kmatushevitzhz@google.de,Male,233.22.29.60,1969-05-09
649,Brian,Worling,bworlingi0@domainmarket.com,Male,14.255.45.67,1994-11-09
650,Flory,Feld,ffeldi1@yellowbook.com,Male,136.83.187.45,2016-04-16
651,Delila,Farnish,dfarnishi2@jalbum.net,Female,42.20.83.123,1968-12-14
652,Denis,Forseith,dforseithi3@networksolutions.com,Male,252.115.184.55,1969-04-27
653,Durant,Bownd,dbowndi4@unblog.fr,Male,89.104.240.134,1958-01-31
654,Bartolomeo,Goodchild,bgoodchildi5@over-blog.com,Male,188.81.248.136,1970-04-05
655,Benn,Brand-Hardy,bbrandhardyi6@cbc.ca,Male,66.74.50.9,1989-10-10
656,Bondon,Byrom,bbyromi7@latimes.com,Male,196.32.249.216,1970-10-23
657,Erich,Pickup,epickupi8@reference.com,Male,225.51.52.176,1966-05-07
658,Nellie,Ellingford,nellingfordi9@yahoo.com,Female,135.177.93.204,2006-06-21
659,Dorey,Esler,desleria@soundcloud.com,Male,154.162.113.220,1998-07-16
660,Daphna,Rubinsztein,drubinszteinib@deliciousdays.com,Female,103.55.138.187,1975-11-26
661,Joseph,Wolters,jwoltersic@china.com.cn,Bigender,113.182.134.204,1970-05-12
662,Alain,Tutill,atutillid@naver.com,Male,2.55.52.219,1978-12-29
663,Ophelie,Netley,onetleyie@arizona.edu,Female,80.240.213.117,2000-08-28
664,Aubrie,Dearl,adearlif@vinaora.com,Non-binary,163.176.131.64,1988-02-23
665,Hyacintha,Antwis,hantwisig@mozilla.org,Female,126.195.95.226,1970-04-04
666,Lishe,Broadberrie,lbroadberrieih@homestead.com,Female,50.229.114.75,1982-12-14
667,Reube,Ruzek,rruzekii@who.int,Male,113.35.80.123,1990-04-07
668,Katinka,Chafer,kchaferij@simplemachines.org,Female,188.191.101.183,2014-08-17
669,Archibald,Minshaw,aminshawik@ehow.com,Male,142.208.49.249,1959-03-11
670,Paul,Rickesies,prickesiesil@symantec.com,Male,19.139.146.92,1998-01-10
671,Dev,Laurant,dlaurantim@google.com.br,Male,57.203.243.0,2009-10-30
672,Creigh,Wenderott,cwenderottin@wikispaces.com,Male,63.244.35.189,2018-03-17
673,Talbot,Firmager,tfirmagerio@bloomberg.com,Male,161.1.107.164,1975-09-08
674,Ulrich,Parrington,uparringtonip@shop-pro.jp,Male,153.226.81.209,2008-04-07
675,Neila,Lingley,nlingleyiq@cam.ac.uk,Female,129.174.224.6,1996-05-24
676,Meridith,Braywood,mbraywoodir@bloglovin.com,Female,176.229.224.22,1982-01-21
677,Cicily,Hamshar,chamsharis@technorati.com,Female,188.87.133.96,2017-02-07
678,Edsel,Stribling,estriblingit@uol.com.br,Male,198.75.155.250,1972-09-13
679,Borden,Downes,bdownesiu@apache.org,Male,241.116.245.206,1991-12-12
680,Dilan,Bartlam,dbartlamiv@godaddy.com,Male,254.138.219.141,2010-07-02
681,Cleopatra,Ziemecki,cziemeckiiw@symantec.com,Female,219.45.78.51,1959-02-01
682,Elsworth,Passby,epassbyix@webnode.com,Male,42.182.162.173,1969-06-08
683,Corbin,Klemz,cklemziy@ucla.edu,Male,156.118.40.163,1975-02-18
684,Cesaro,Meachan,cmeachaniz@redcross.org,Male,121.211.6.213,2001-03-18
685,Verney,Hudel,vhudelj0@intel.com,Male,43.22.168.130,1974-11-02
686,Kirbee,Pegrum,kpegrumj1@miitbeian.gov.cn,Female,119.188.246.244,1996-07-26
687,Miller,Flaubert,mflaubertj2@google.co.uk,Male,233.79.115.246,1978-06-24
688,Evy,Coda,ecodaj3@oakley.com,Genderqueer,9.65.158.89,1961-10-30
689,Morgan,Shortt,mshorttj4@patch.com,Female,132.1.205.1,1971-09-29
690,Nickey,Makiver,nmakiverj5@bizjournals.com,Male,181.65.25.94,1995-07-21
691,Ave,Lace,alacej6@eventbrite.com,Male,244.135.196.21,1964-06-20
692,Nicolea,Skyme,nskymej7@amazonaws.com,Female,240.240.197.176,1963-08-11
693,Zollie,Hebden,zhebdenj8@epa.gov,Male,126.165.242.22,2008-05-15
694,Walton,Stolting,wstoltingj9@guardian.co.uk,Male,231.227.209.195,2002-02-15
695,Gorden,Marl,gmarlja@cafepress.com,Male,104.104.222.31,1997-11-10
696,Thekla,Jouaneton,tjouanetonjb@nifty.com,Female,23.131.196.67,2023-08-01
697,Celinka,Gawthorp,cgawthorpjc@friendfeed.com,Genderqueer,123.96.79.20,2010-05-08
698,Salvador,Clixby,sclixbyjd@nps.gov,Male,235.57.25.134,1970-03-09
699,Zaneta,Ever,zeverje@telegraph.co.uk,Female,254.141.9.182,1995-03-27
700,Eugenio,Dyke,edykejf@geocities.com,Male,185.50.200.255,1991-05-24
701,Adiana,Lambersen,alambersenjg@mediafire.com,Non-binary,41.28.151.164,1980-05-23
702,Darill,Rubinovici,drubinovicijh@artisteer.com,Male,253.61.235.175,1987-10-16
703,Mitchael,Portman,mportmanji@boston.com,Male,118.59.98.227,2003-04-19
704,Arvin,Bremond,abremondjj@studiopress.com,Male,56.96.110.79,2005-11-08
705,Teddy,Baldick,tbaldickjk@patch.com,Genderfluid,232.87.5.243,1966-05-18
706,Kathlin,Martinat,kmartinatjl@unblog.fr,Female,96.126.163.156,1980-05-17
707,Delano,Josland,djoslandjm@china.com.cn,Male,35.220.61.98,2007-07-06
708,Frasquito,Sutcliff,fsutcliffjn@bloomberg.com,Male,180.180.80.155,1994-05-01
709,Roarke,Pudsey,rpudseyjo@paypal.com,Male,118.67.49.200,2002-07-30
710,Shela,Addlestone,saddlestonejp@theguardian.com,Female,22.52.248.45,2011-12-25
711,Gerianna,Gandey,ggandeyjq@fotki.com,Female,221.219.20.142,1997-11-03
712,Nikoletta,Matusov,nmatusovjr@unblog.fr,Female,86.166.81.76,2006-10-14
713,Teador,Liff,tliffjs@zimbio.com,Male,146.10.72.20,1988-02-12
714,Heinrik,Fessby,hfessbyjt@ucoz.ru,Male,86.68.23.64,1973-01-05
715,Anestassia,Kittoe,akittoeju@statcounter.com,Polygender,187.219.32.159,2009-01-04
716,Tod,Vondrys,tvondrysjv@java.com,Male,196.104.74.158,2005-11-01
717,Maynard,Yule,myulejw@jalbum.net,Male,73.118.209.196,1979-02-27
718,Payton,Hugli,phuglijx@arizona.edu,Male,254.107.155.117,1959-04-12
719,Olimpia,Likly,oliklyjy@netvibes.com,Non-binary,69.102.202.210,1989-07-01
720,Leland,Martt,lmarttjz@digg.com,Female,132.226.100.1,1960-04-22
721,Catherin,Meedendorpe,cmeedendorpek0@timesonline.co.uk,Female,18.78.170.172,1997-04-23
722,Carlin,Roser,croserk1@theglobeandmail.com,Female,175.210.231.170,1959-10-12
723,Marleen,Terris,mterrisk2@foxnews.com,Female,50.39.212.153,1985-04-28
724,Staffard,Fagg,sfaggk3@chron.com,Male,173.10.217.57,1962-09-12
725,Amity,Agates,aagatesk4@cpanel.net,Polygender,25.151.110.174,1987-03-19
726,Mariel,Gannan,mgannank5@sfgate.com,Female,155.63.158.25,2020-11-09
727,Rich,Dunnet,rdunnetk6@samsung.com,Male,85.200.90.213,2020-11-28
728,Shepard,Goodrum,sgoodrumk7@engadget.com,Male,159.149.65.213,2006-03-21
729,Linn,McNeice,lmcneicek8@1688.com,Female,105.13.143.109,1979-09-30
730,Lorne,Grocott,lgrocottk9@independent.co.uk,Male,98.0.31.255,2001-11-03
731,Carolin,Geldeford,cgeldefordka@latimes.com,Female,166.167.89.116,2016-03-16
732,Trenton,Dulson,tdulsonkb@arizona.edu,Male,75.74.89.60,2011-12-25
733,Nevil,Glasspoole,nglasspoolekc@networksolutions.com,Male,25.255.45.4,1993-12-01
734,Rodd,Haccleton,rhaccletonkd@vistaprint.com,Male,56.159.223.53,1997-09-05
735,Herbert,Lamplugh,hlamplughke@elegantthemes.com,Male,234.61.31.56,1998-08-14
736,Allison,Livezley,alivezleykf@sourceforge.net,Female,149.187.86.30,2006-04-12
737,Nickolai,Spitell,nspitellkg@theguardian.com,Male,21.244.100.16,1987-12-10
738,Goldarina,Vaune,gvaunekh@adobe.com,Bigender,198.229.11.68,2014-02-25
739,Peyter,Dobing,pdobingki@miitbeian.gov.cn,Male,51.81.76.250,1979-02-26
740,Nial,Hirtzmann,nhirtzmannkj@wufoo.com,Male,4.73.231.31,1968-07-23
741,Lennard,Saunderson,lsaundersonkk@artisteer.com,Male,112.170.107.200,2011-03-24
742,Denise,Issett,dissettkl@shareasale.com,Female,117.242.80.235,1961-04-23
743,Odessa,Culleford,ocullefordkm@noaa.gov,Female,18.141.9.86,1980-01-15
744,Hilliary,Cheng,hchengkn@gmpg.org,Female,90.189.127.11,1969-10-15
745,Marlie,Gooder,mgooderko@army.mil,Female,200.132.90.128,1969-10-19
746,Scott,Mytton,smyttonkp@nydailynews.com,Male,25.240.27.78,2017-12-11
747,Beret,Merry,bmerrykq@wp.com,Female,59.34.109.50,1963-05-03
748,Nathaniel,Erni,nernikr@newsvine.com,Male,50.101.86.115,1989-12-25
749,Karola,Comello,kcomelloks@usa.gov,Female,160.95.246.179,2002-08-23
750,Ezmeralda,Roskilly,eroskillykt@salon.com,Female,200.240.50.121,2002-02-08
751,Valera,Toomey,vtoomeyku@unc.edu,Female,109.92.236.249,1993-05-10
752,Tybalt,Labram,tlabramkv@g.co,Male,10.249.219.18,1972-12-04
753,Benni,Buffery,bbufferykw@about.me,Female,190.249.21.242,2007-05-04
754,Blinni,Burnsides,bburnsideskx@ow.ly,Female,73.101.111.133,1967-03-24
755,Serene,Burton,sburtonky@ebay.com,Female,182.109.215.5,1994-02-19
756,Sebastien,Manifold,smanifoldkz@cdbaby.com,Male,54.73.50.238,1966-06-26
757,Lindsay,Moorcraft,lmoorcraftl0@blinklist.com,Male,36.239.204.155,1969-08-31
758,Mathias,Tunno,mtunnol1@wisc.edu,Male,218.1.66.62,1993-02-23
759,Merrilee,Durtnell,mdurtnelll2@list-manage.com,Female,27.135.56.157,2018-07-29
760,Justus,Jerdan,jjerdanl3@4shared.com,Polygender,201.250.104.221,2015-04-21
761,Ray,McPhillimey,rmcphillimeyl4@xing.com,Male,35.21.101.9,1993-11-16
762,Micky,Manuele,mmanuelel5@moonfruit.com,Male,123.139.111.21,2017-03-05
763,Rosana,Donovin,rdonovinl6@newyorker.com,Female,246.98.137.230,2005-08-17
764,Marylou,Kerans,mkeransl7@edublogs.org,Female,7.38.154.224,1989-04-23
765,Katheryn,Fawbert,kfawbertl8@reddit.com,Female,64.50.93.70,1961-05-01
766,Sylas,Gowans,sgowansl9@issuu.com,Male,110.227.77.126,1973-10-06
767,Alice,Goodspeed,agoodspeedla@simplemachines.org,Female,120.126.228.8,1983-06-22
768,Tamiko,Allibon,tallibonlb@angelfire.com,Female,133.214.16.112,1960-07-26
769,Trey,Steers,tsteerslc@taobao.com,Male,177.134.72.228,1962-03-26
770,Berti,Seckington,bseckingtonld@google.de,Male,40.170.54.103,1993-12-14
771,Dave,Chalmers,dchalmersle@cloudflare.com,Male,161.172.92.105,1982-07-17
772,Way,Saunier,wsaunierlf@sciencedirect.com,Male,27.233.15.143,1999-11-04
773,Hillyer,Fryman,hfrymanlg@storify.com,Male,122.4.103.81,2021-10-18
774,Charin,Tortis,ctortislh@usatoday.com,Female,130.46.190.234,2024-02-18
775,Jay,Gatfield,jgatfieldli@google.com.br,Male,250.195.79.23,1993-04-02
776,Aile,Sugarman,asugarmanlj@constantcontact.com,Female,193.133.145.61,1969-02-22
777,Ginger,Piccop,gpiccoplk@1688.com,Agender,4.242.38.47,1962-06-27
778,Melany,Axtonne,maxtonnell@weebly.com,Female,37.19.98.205,2005-04-19
779,Augusto,Mollatt,amollattlm@hostgator.com,Male,135.44.42.209,2001-10-26
780,Anestassia,Fechnie,afechnieln@sfgate.com,Female,125.62.205.77,1961-01-25
781,Gerty,Visick,gvisicklo@geocities.com,Female,141.181.47.10,1964-07-05
782,Kipp,Bilsford,kbilsfordlp@sciencedirect.com,Female,45.43.55.191,2023-12-01
783,Fleurette,Benedetti,fbenedettilq@ucoz.ru,Female,173.185.34.51,2017-08-20
784,Karia,Leyband,kleybandlr@yahoo.co.jp,Female,5.85.225.164,2024-03-16
785,Sim,Lumox,slumoxls@godaddy.com,Male,108.44.162.155,1978-09-18
786,Dagny,Tiltman,dtiltmanlt@ucsd.edu,Male,13.115.163.163,2020-04-29
787,Alexio,Folcarelli,afolcarellilu@flickr.com,Male,12.75.249.161,1983-10-25
788,Urbano,Bilton,ubiltonlv@uiuc.edu,Male,107.208.133.21,2010-02-27
789,Mollee,Eddy,meddylw@tuttocitta.it,Female,239.225.253.14,1993-05-10
790,Angelita,Stille,astillelx@e-recht24.de,Female,240.237.80.135,1982-12-13
791,Bianca,Raiman,braimanly@toplist.cz,Female,153.97.15.44,2000-02-22
792,Trueman,Forty,tfortylz@phpbb.com,Male,22.61.8.185,1991-03-08
793,Coralie,Onyon,conyonm0@bravesites.com,Female,203.126.48.128,1979-08-02
794,Ailene,Brewer,abrewerm1@reuters.com,Agender,51.41.215.5,1962-01-11
795,Reine,Wessing,rwessingm2@cdbaby.com,Female,216.72.16.177,1969-12-04
796,Eben,Jarrard,ejarrardm3@xinhuanet.com,Male,99.83.157.9,2013-10-09
797,Cloe,Horche,chorchem4@unc.edu,Female,167.65.46.21,1975-10-20
798,Briano,Miere,bmierem5@newsvine.com,Male,49.59.15.34,1961-09-15
799,Jobye,Juarez,jjuarezm6@usda.gov,Female,157.247.92.223,2012-06-25
800,Valenka,Privett,vprivettm7@ft.com,Female,211.227.130.246,1980-01-06
801,Peyton,Kienlein,pkienleinm8@posterous.com,Male,71.232.147.239,1981-05-06
802,Gael,Eskell,geskellm9@earthlink.net,Male,87.227.188.217,1981-12-03
803,Madelle,Burrells,mburrellsma@apple.com,Female,96.148.100.111,2013-12-27
804,Merle,Spenley,mspenleymb@house.gov,Female,127.184.153.219,2018-09-15
805,Verene,Fulleylove,vfulleylovemc@marketwatch.com,Genderfluid,164.37.238.193,2001-10-03
806,Kaitlyn,Common,kcommonmd@ameblo.jp,Agender,185.110.173.132,1987-05-20
807,Gayelord,Nicholson,gnicholsonme@redcross.org,Male,225.251.103.6,1993-08-03
808,Burnaby,Warrick,bwarrickmf@miitbeian.gov.cn,Male,225.140.237.158,2001-01-05
809,Jaquelyn,Glassford,jglassfordmg@addthis.com,Female,14.13.4.20,2005-04-12
810,Theodoric,Kerman,tkermanmh@jugem.jp,Genderqueer,182.198.100.255,1963-03-06
811,Broddie,Lamps,blampsmi@hexun.com,Male,232.126.44.126,1994-11-04
812,Loralee,Mouan,lmouanmj@lycos.com,Bigender,65.15.35.226,1959-03-13
813,Putnam,Forster,pforstermk@ezinearticles.com,Male,69.116.250.42,1968-07-02
814,Karlyn,Tanti,ktantiml@addtoany.com,Female,118.221.241.75,2022-02-11
815,Sayres,Halksworth,shalksworthmm@aboutads.info,Male,89.223.131.161,1986-09-14
816,Rhianon,Vautier,rvautiermn@sina.com.cn,Bigender,246.65.140.52,1979-04-03
817,Theresa,Collett,tcollettmo@utexas.edu,Female,159.65.97.135,1999-11-11
818,Fiona,Mottinelli,fmottinellimp@qq.com,Female,24.195.43.125,2005-02-02
819,Brnaba,Riddlesden,briddlesdenmq@amazon.co.jp,Male,174.109.37.253,2000-11-14
820,Wilfred,Simcox,wsimcoxmr@youku.com,Male,8.120.162.54,1966-03-08
821,Cori,Kohtler,ckohtlerms@drupal.org,Male,222.236.45.8,1985-11-19
822,Timmi,O'Flaverty,toflavertymt@businessweek.com,Female,240.137.114.17,2012-07-06
823,Eyde,Peevor,epeevormu@technorati.com,Female,233.177.111.26,1982-07-03
824,Janifer,Fussell,jfussellmv@yelp.com,Female,109.73.44.232,1999-05-25
825,Victoria,Tomaskov,vtomaskovmw@mapy.cz,Female,159.228.43.40,2022-11-12
826,Linet,Kubatsch,lkubatschmx@moonfruit.com,Female,199.187.205.69,2007-02-20
827,Robyn,Doodson,rdoodsonmy@nbcnews.com,Female,231.29.192.139,1999-08-21
828,Ward,Kunath,wkunathmz@e-recht24.de,Male,188.247.146.239,1982-09-10
829,Vassili,Bonevant,vbonevantn0@squidoo.com,Male,6.231.179.164,1978-09-14
830,Randie,Jessen,rjessenn1@examiner.com,Female,226.175.219.71,2006-03-10
831,Arman,Lowdiane,alowdianen2@tripadvisor.com,Male,210.114.47.248,1990-08-18
832,Bay,Tunnicliff,btunnicliffn3@acquirethisname.com,Male,20.204.112.244,2022-08-25
833,Melba,Lessmare,mlessmaren4@hud.gov,Female,163.253.195.90,1963-10-09
834,Waldon,Cordier,wcordiern5@1688.com,Male,46.131.246.18,2019-03-29
835,Pren,Moughtin,pmoughtinn6@altervista.org,Male,99.18.132.228,1962-03-03
836,Durand,Batters,dbattersn7@issuu.com,Male,224.103.1.38,1980-02-23
837,Gabi,Sweetlove,gsweetloven8@goo.gl,Male,103.43.172.27,1988-08-02
838,Ermin,Carlin,ecarlinn9@csmonitor.com,Male,142.194.40.181,2016-04-27
839,Manon,Fennick,mfennickna@chicagotribune.com,Female,102.62.149.207,2003-06-29
840,Prudence,Jorin,pjorinnb@ovh.net,Female,34.35.252.202,1985-07-07
841,Norine,Bugg,nbuggnc@ftc.gov,Genderfluid,37.134.1.175,1967-12-18
842,Chas,Jales,cjalesnd@cbsnews.com,Male,139.169.156.41,2018-04-10
843,Neville,Mohammad,nmohammadne@wp.com,Male,101.99.118.26,1982-05-26
844,Pattin,Elgram,pelgramnf@usgs.gov,Male,201.220.49.230,2010-03-08
845,Terry,Bohlmann,tbohlmannng@booking.com,Female,43.120.83.208,1966-07-11
846,Onofredo,Messruther,omessruthernh@example.com,Male,8.198.240.5,2012-11-23
847,Denny,Dodds,ddoddsni@earthlink.net,Female,158.128.40.138,2014-12-16
848,Sydney,Brownjohn,sbrownjohnnj@chronoengine.com,Male,36.222.25.131,2017-10-27
849,Bram,Garrique,bgarriquenk@ebay.com,Male,179.40.1.19,2012-06-24
850,Lilas,Linnock,llinnocknl@weibo.com,Female,11.59.169.123,2018-01-13
851,Andie,Sirr,asirrnm@chronoengine.com,Male,150.120.118.124,2014-01-11
852,Alleen,Coston,acostonnn@opera.com,Bigender,12.88.109.28,1970-09-08
853,Laurella,Corless,lcorlessno@aboutads.info,Female,113.203.214.120,2011-08-28
854,Jessee,Dedney,jdedneynp@rambler.ru,Male,168.242.169.116,1992-01-02
855,Ashton,Potte,apottenq@nature.com,Male,134.158.49.64,1980-07-01
856,Mattias,Caff,mcaffnr@foxnews.com,Male,41.184.32.218,1976-01-23
857,Bancroft,Croyser,bcroyserns@wp.com,Male,96.31.144.80,1968-03-06
858,Earle,Arnould,earnouldnt@creativecommons.org,Non-binary,229.50.103.177,1957-11-01
859,Wayland,Vasilov,wvasilovnu@berkeley.edu,Male,254.57.246.252,2023-02-19
860,Eleni,McClelland,emcclellandnv@sphinn.com,Bigender,86.55.73.18,1990-08-27
861,Edgardo,Walkley,ewalkleynw@networkadvertising.org,Male,132.13.105.235,1985-05-07
862,Hobart,Foxworthy,hfoxworthynx@friendfeed.com,Male,139.206.19.225,1998-09-16
863,Kati,Stickings,kstickingsny@shinystat.com,Female,168.212.191.255,2021-11-11
864,Cam,Titt,ctittnz@wordpress.com,Male,49.207.117.245,1979-04-25
865,Netti,Towriss,ntowrisso0@behance.net,Female,183.208.9.46,1986-04-05
866,Cal,Leverentz,cleverentzo1@uol.com.br,Male,13.27.19.10,1991-06-11
867,Eddy,Keunemann,ekeunemanno2@cnn.com,Male,160.169.46.73,2004-09-22
868,Catriona,Erdely,cerdelyo3@ibm.com,Female,9.94.199.171,1987-02-08
869,Gail,Kennaway,gkennawayo4@devhub.com,Male,121.122.219.124,1973-12-14
870,Ambrosi,Haddington,ahaddingtono5@harvard.edu,Male,106.59.71.44,1998-02-22
871,Rosella,Bickmore,rbickmoreo6@reuters.com,Female,247.169.69.16,2021-02-06
872,Blithe,Corp,bcorpo7@marketwatch.com,Female,250.219.52.206,1982-08-20
873,Griffin,Rosenbloom,grosenbloomo8@marketwatch.com,Male,150.20.239.247,1988-02-10
874,Ingra,Piche,ipicheo9@nsw.gov.au,Genderfluid,51.133.31.175,1961-11-12
875,Adolphus,Gauthorpp,agauthorppoa@hexun.com,Male,37.22.105.251,1986-03-02
876,Sofie,Shirtliff,sshirtliffob@census.gov,Female,5.106.215.201,2008-10-30
877,Lurleen,Gisburn,lgisburnoc@spotify.com,Female,66.17.122.111,1999-08-09
878,Maddi,Scotchforth,mscotchforthod@nydailynews.com,Female,172.41.88.209,1976-04-25
879,Ira,Murname,imurnameoe@si.edu,Agender,170.8.34.201,1982-04-15
880,Liuka,Massei,lmasseiof@marketwatch.com,Female,49.66.68.202,2001-10-29
881,Irwinn,Partrick,ipartrickog@microsoft.com,Male,88.149.71.215,2023-06-10
882,Wyatan,Dionsetto,wdionsettooh@alexa.com,Male,248.85.166.15,1976-11-10
883,Patrizius,Bikker,pbikkeroi@networksolutions.com,Male,111.162.198.63,2010-09-09
884,Chloette,Beckson,cbecksonoj@altervista.org,Female,77.63.130.40,1983-12-29
885,Hagan,Coleiro,hcoleirook@topsy.com,Male,147.78.5.138,1973-10-20
886,Lynelle,Kasper,lkasperol@indiatimes.com,Female,223.173.94.103,1996-05-03
887,Graham,Kalberer,gkalbererom@vkontakte.ru,Male,6.209.38.63,1974-03-24
888,Fremont,Ambrus,fambruson@disqus.com,Male,168.100.109.207,1964-04-08
889,Marven,Messum,mmessumoo@addtoany.com,Male,0.137.175.102,1995-02-06
890,Francesco,Jeary,fjearyop@g.co,Male,194.195.180.198,1997-07-30
891,Gabbie,Bennet,gbennetoq@google.co.uk,Male,107.246.139.61,1989-08-19
892,Merridie,Philipard,mphilipardor@hatena.ne.jp,Female,153.144.177.164,2003-09-13
893,Jacky,Farran,jfarranos@mysql.com,Female,247.114.66.45,2014-04-07
894,Denny,Wynes,dwynesot@state.tx.us,Female,16.54.135.221,2009-02-01
895,Angelita,Lideard,alideardou@geocities.com,Female,22.41.150.245,1977-02-22
896,Bernadene,Saddington,bsaddingtonov@nationalgeographic.com,Female,33.154.251.161,1965-06-04
897,Ax,Lohde,alohdeow@phpbb.com,Male,98.171.87.29,2011-06-29
898,Nicki,Dipple,ndippleox@pen.io,Female,123.2.92.75,1976-05-19
899,Madelene,Simonard,msimonardoy@moonfruit.com,Female,64.76.215.56,1987-08-30
900,Zacharias,Brood,zbroodoz@yale.edu,Male,94.162.151.35,1989-06-11
901,Timmy,Newlan,tnewlanp0@sohu.com,Male,201.61.61.58,2011-11-22
902,Celestyn,Duffin,cduffinp1@ucla.edu,Female,181.13.97.107,1961-03-27
903,Enid,Liddington,eliddingtonp2@ning.com,Female,200.105.232.50,1971-10-19
904,Sean,Glanfield,sglanfieldp3@a8.net,Male,126.191.150.139,2023-09-05
905,Kassi,Harbach,kharbachp4@istockphoto.com,Female,17.120.51.113,2006-03-15
906,Sibby,Johnsee,sjohnseep5@sourceforge.net,Female,15.65.161.55,2019-06-05
907,Brigham,Toal,btoalp6@etsy.com,Male,198.125.24.221,1967-07-09
908,Hilda,Ruoff,hruoffp7@pinterest.com,Female,230.206.253.213,2023-08-19
909,Gilbertina,Sickamore,gsickamorep8@yellowbook.com,Bigender,223.218.208.233,2021-04-22
910,Neils,Tonbridge,ntonbridgep9@constantcontact.com,Male,212.198.103.223,2015-10-08
911,Lelia,Picopp,lpicopppa@uol.com.br,Female,176.31.137.167,1984-10-31
912,Dorey,Klawi,dklawipb@boston.com,Female,26.68.1.30,2012-04-29
913,Trumaine,Cluckie,tcluckiepc@pbs.org,Male,34.137.114.72,2009-10-12
914,Louise,Firks,lfirkspd@friendfeed.com,Female,215.232.172.193,1972-08-14
915,Rudd,McNaughton,rmcnaughtonpe@economist.com,Bigender,247.164.118.148,1991-11-06
916,Rodrick,Binnes,rbinnespf@sun.com,Male,30.94.248.112,2010-05-14
917,Legra,Hutsby,lhutsbypg@flickr.com,Female,77.170.0.207,2000-09-16
918,Jone,Dewer,jdewerph@netvibes.com,Male,180.198.0.191,1968-02-01
919,Evy,Crowd,ecrowdpi@yale.edu,Female,66.167.40.41,1968-07-31
920,Hartwell,McUre,hmcurepj@last.fm,Male,246.63.117.77,1999-05-06
921,Giacomo,Tingly,gtinglypk@flickr.com,Male,225.146.138.183,1957-09-13
922,Napoleon,Bang,nbangpl@xinhuanet.com,Polygender,102.17.235.142,2008-12-07
923,Corette,Bichard,cbichardpm@dagondesign.com,Female,242.2.238.248,1977-11-25
924,Ofelia,Currer,ocurrerpn@weebly.com,Genderqueer,52.165.108.255,1980-01-27
925,Eamon,Bernardos,ebernardospo@ebay.com,Male,235.50.38.162,2017-06-29
926,Karissa,Brennan,kbrennanpp@elpais.com,Female,249.121.34.109,1992-08-05
927,Chic,Gatcliff,cgatcliffpq@parallels.com,Bigender,218.115.253.4,2012-09-28
928,Kristan,Measey,kmeaseypr@google.com.br,Female,85.192.216.178,1987-07-15
929,Marve,Lazonby,mlazonbyps@ask.com,Male,41.24.153.187,1977-05-23
930,Helsa,O'Neal,honealpt@xinhuanet.com,Female,51.54.136.125,1983-05-10
931,Yvor,Bromont,ybromontpu@linkedin.com,Male,115.223.5.223,2001-10-17
932,Derwin,Neaves,dneavespv@amazonaws.com,Male,17.203.23.222,1961-07-18
933,Jacintha,Gergher,jgergherpw@psu.edu,Female,133.195.0.11,1957-06-17
934,Jarred,Trenoweth,jtrenowethpx@auda.org.au,Male,42.167.119.63,2015-03-21
935,Starlin,Worsom,sworsompy@nationalgeographic.com,Female,239.219.22.196,1988-10-12
936,Colet,Tomankowski,ctomankowskipz@skyrock.com,Male,117.248.110.142,2006-01-22
937,Chandra,Thorrington,cthorringtonq0@canalblog.com,Bigender,189.10.72.12,2006-05-13
938,Jerry,Hampshire,jhampshireq1@spotify.com,Female,112.95.136.223,1971-10-23
939,Philomena,Raphael,praphaelq2@unc.edu,Female,81.64.7.0,1959-11-27
940,Lane,Corben,lcorbenq3@springer.com,Male,245.63.117.230,1986-02-04
941,Gilles,Ivashnikov,givashnikovq4@elpais.com,Male,193.27.171.201,1988-01-03
942,Toby,Gilphillan,tgilphillanq5@slideshare.net,Bigender,15.30.31.142,1993-12-06
943,Cyb,Decent,cdecentq6@forbes.com,Genderfluid,173.73.219.234,1962-02-27
944,Shirleen,Roxburch,sroxburchq7@xinhuanet.com,Female,191.63.253.209,1977-08-11
945,Wilburt,Rustich,wrustichq8@drupal.org,Male,197.63.1.140,2008-04-20
946,Garold,Bernhardt,gbernhardtq9@spotify.com,Male,5.19.6.105,2016-11-21
947,Krystal,Lewry,klewryqa@cbslocal.com,Female,210.234.163.201,2001-01-24
948,Pall,Haighton,phaightonqb@zdnet.com,Male,90.184.206.232,1965-11-25
949,Idelle,Pendall,ipendallqc@dedecms.com,Female,46.126.129.26,1960-10-31
950,Goldy,Southall,gsouthallqd@washingtonpost.com,Female,47.227.29.24,1964-12-18
951,Cort,Hardingham,chardinghamqe@about.com,Male,53.31.101.78,2009-07-24
952,Emmery,Paggitt,epaggittqf@jimdo.com,Male,84.177.203.195,2018-11-21
953,Patin,Forbear,pforbearqg@statcounter.com,Male,246.16.140.160,1960-02-18
954,Dorian,Grellis,dgrellisqh@artisteer.com,Female,205.148.193.57,1979-01-21
955,Audrye,Boggas,aboggasqi@google.ca,Female,27.184.42.249,1973-06-15
956,Lionello,Cawood,lcawoodqj@unesco.org,Male,39.176.112.173,2002-04-26
957,Giustina,Rymell,grymellqk@biglobe.ne.jp,Female,184.178.208.174,2016-06-27
958,Norry,Menelaws,nmenelawsql@4shared.com,Female,89.17.89.60,1993-11-25
959,Bryanty,Cone,bconeqm@cyberchimps.com,Male,205.182.116.193,1983-08-27
960,Kimble,Stothart,kstothartqn@quantcast.com,Male,170.86.70.229,2005-06-26
961,Klara,Marians,kmariansqo@mysql.com,Female,139.248.33.89,1998-08-11
962,Cal,Gorke,cgorkeqp@wikimedia.org,Male,153.235.73.2,2007-08-21
963,Gavan,Rawkesby,grawkesbyqq@last.fm,Male,154.229.67.173,1961-12-22
964,Hort,Godon,hgodonqr@elpais.com,Male,11.25.89.242,1975-06-06
965,Lancelot,Skunes,lskunesqs@cargocollective.com,Male,102.227.18.215,1962-03-23
966,Elijah,Raccio,eraccioqt@thetimes.co.uk,Male,164.240.170.49,1986-03-08
967,Rodge,Huetson,rhuetsonqu@dagondesign.com,Male,169.56.68.112,1997-02-17
968,Efrem,Josefson,ejosefsonqv@qq.com,Male,43.251.127.251,1958-12-02
969,Rodolph,Sorey,rsoreyqw@jigsy.com,Male,10.143.75.58,2005-02-20
970,Rivi,Ferrillio,rferrillioqx@wp.com,Female,161.74.131.88,1995-05-18
971,Wilone,Talmadge,wtalmadgeqy@google.cn,Female,139.193.93.176,1990-05-27
972,Maximo,Milby,mmilbyqz@unc.edu,Bigender,33.13.59.1,2013-06-07
973,Phil,Huonic,phuonicr0@dell.com,Male,103.176.70.138,1960-03-23
974,Guglielmo,Blackbourn,gblackbournr1@marriott.com,Male,40.30.148.85,2018-05-03
975,Emmet,Biss,ebissr2@indiegogo.com,Genderqueer,108.20.122.235,1983-10-17
976,Ilse,Giacobillo,igiacobillor3@theatlantic.com,Female,201.83.58.130,2017-06-20
977,Patrizia,Follis,pfollisr4@ca.gov,Female,248.139.11.16,1970-05-18
978,Greggory,Hodinton,ghodintonr5@fotki.com,Male,79.236.215.62,1977-10-16
979,Mala,Gooderham,mgooderhamr6@nba.com,Female,94.250.109.239,2022-09-10
980,Esme,Stellin,estellinr7@newsvine.com,Female,20.119.25.227,1989-07-08
981,Astra,Dahlen,adahlenr8@ow.ly,Female,96.189.95.112,1962-04-24
982,Ros,Ratchford,rratchfordr9@fema.gov,Female,39.246.88.221,1960-07-13
983,Georgie,Pimlock,gpimlockra@nyu.edu,Male,232.252.129.86,2005-05-21
984,Berky,Kardos,bkardosrb@odnoklassniki.ru,Male,242.135.21.140,2006-07-07
985,Lauraine,Barrand,lbarrandrc@moonfruit.com,Female,160.230.148.9,1998-04-02
986,Deane,Zappel,dzappelrd@pinterest.com,Male,138.109.231.237,1979-10-13
987,Anthe,Chaman,achamanre@studiopress.com,Female,231.123.216.219,1996-12-11
988,Valery,Gommery,vgommeryrf@flickr.com,Female,29.214.119.109,1960-12-31
989,Packston,Tookill,ptookillrg@clickbank.net,Male,18.119.38.219,2005-12-11
990,David,Levermore,dlevermorerh@yelp.com,Genderqueer,170.100.133.211,2006-04-22
991,Miller,Bridle,mbridleri@yale.edu,Male,79.24.30.239,1977-05-08
992,Daryl,Cockitt,dcockittrj@ibm.com,Female,132.186.97.216,1981-05-27
993,Tadio,Wilcot,twilcotrk@canalblog.com,Male,59.83.35.34,1994-05-01
994,Antone,Hanster,ahansterrl@jiathis.com,Male,202.95.55.9,1984-10-12
995,Wendall,McCreadie,wmccreadierm@engadget.com,Male,102.15.193.32,2022-02-27
996,Aeriel,Olcot,aolcotrn@yahoo.com,Female,39.87.249.233,1972-06-14
997,Hadleigh,Licas,hlicasro@epa.gov,Male,121.79.103.93,2005-01-23
998,Jocelin,Bramwich,jbramwichrp@yahoo.co.jp,Agender,74.194.208.234,1958-09-23
999,Salli,Josef,sjosefrq@goodreads.com,Female,238.245.14.12,1980-08-21
1000,Cathyleen,Mil,cmilrr@imgur.com,Female,64.209.229.174,2022-10-21
